YEAR:Period,EMISSION:EmissionSubType,VALUE
2020-2050,Power,648.0765341857898
,Power,69.45180680178954
2020-2050,Transport,98.53542166816143
,Transport,15.38586299735628
