YEAR:Period,TECHNOLOGY:Sector,VALUE
2020-2050,PWR,975.202909512463
2020-2050,TRA,185.52744499999997
