YEAR:Period,EMISSION:EmissionSubType,VALUE
2020-2050,Power,648.0765341857896
,Power,69.45180680178952
2020-2050,Transport,95.1970090889759
,Transport,10.303816539657117
