YEAR:Period,TECHNOLOGY:Sector,VALUE
2020-2050,TRA,103.45721423179282
,TRA,15.385862997356282
