YEAR:Period,EMISSION:EmissionSubType,VALUE
2020-2050,Power,392.89301786983987
,Power,23.15
2020-2050,Transport,82.06980794705902
,Transport,3.7976366987137427
