YEAR:Period,TECHNOLOGY:Sector,VALUE
2020-2050,PWR,975.2029095124627
2020-2050,TRA,155.00070000000002
