YEAR:Period,TECHNOLOGY:Sector,VALUE
2020-2050,PWR,788.8292247576536
2020-2050,TRA,120.78623830684404
