YEAR:Period,TECHNOLOGY:Sector,VALUE
2020-2050,PWR,630.3142843720259
2020-2050,TRA,121.61840467165217
