YEAR:Period,EMISSION:EmissionSubType,VALUE
2020-2050,Power,648.0765341857896
,Power,69.45180680178953
2020-2050,Transport,107.0466253473904
,Transport,22.31627271840356
