YEAR:Period,EMISSION:EmissionSubType,VALUE
2020-2050,Power,392.89301786983987
,Power,23.150000000000002
2020-2050,Transport,107.0466253473904
,Transport,22.31627271840356
