YEAR:Period,TECHNOLOGY:Sector,VALUE
2020-2050,PWR,451.06642681536
2020-2050,TRA,223.89396800000003
