YEAR:Period,TECHNOLOGY:Sector,VALUE
2020-2050,PWR,975.2029095124635
2020-2050,TRA,188.59275806896548
