YEAR:Period,EMISSION:EmissionSubType,VALUE
2020-2050,Power,519.8
,Power,46.3
2020-2050,Transport,80.62089582470107
,Transport,10.879356218574657
