YEAR:Period,EMISSION:EmissionSubType,VALUE
2020-2050,Power,392.89301786984
,Power,23.15
2020-2050,Transport,80.60279725662534
,Transport,10.87935621857466
