YEAR:Period,EMISSION:EmissionSubType,VALUE
2020-2050,Power,263.1100178698399
2020-2050,Transport,81.68956352784902
,Transport,11.254999999999999
