YEAR:Period,EMISSION:EmissionSubType,VALUE
2020-2050,Power,519.8000000000003
,Power,46.29999999999999
2020-2050,Transport,92.92824920934852
,Transport,17.02353277603937
