YEAR:Period,TECHNOLOGY:Sector,VALUE
2020-2050,PWR,975.2029095124628
2020-2050,TRA,179.72989475862067
