YEAR:Period,EMISSION:EmissionSubType,VALUE
2020-2050,Power,392.8930178698399
,Power,23.150000000000002
2020-2050,Transport,94.47114969091699
,Transport,19.123797467376637
