YEAR:Period,EMISSION:EmissionSubType,VALUE
2020-2050,Power,392.89301786984
,Power,23.15
2020-2050,Transport,87.57997156529726
,Transport,10.125457875341818
