YEAR:Period,EMISSION:EmissionSubType,VALUE
2020-2050,Power,263.1100178698399
2020-2050,Transport,88.00062815066312
,Transport,10.932654139971499
