YEAR:Period,TECHNOLOGY:Sector,VALUE
2020-2050,TRA,80.93738765376754
,TRA,5.680921190423426
