YEAR:Period,TECHNOLOGY:Sector,VALUE
2020-2050,TRA,77.50239124092543
,TRA,5.392180214923708
