YEAR:Period,EMISSION:EmissionSubType,VALUE
2020-2050,Power,519.8000000000001
,Power,46.29999999999999
2020-2050,Transport,88.52338111341545
,Transport,15.173426608177854
