YEAR:Period,EMISSION:EmissionSubType,VALUE
2020-2050,Power,392.8930178698399
,Power,23.15
2020-2050,Transport,84.67920848764
,Transport,9.93149732363825
