YEAR:Period,TECHNOLOGY:Sector,VALUE
2020-2050,TRA,89.70447738788368
,TRA,16.200488456797373
