YEAR:Period,TECHNOLOGY:Sector,VALUE
2020-2050,PWR,975.2029095124626
2020-2050,TRA,173.41185527586205
