YEAR:Period,EMISSION:EmissionSubType,VALUE
2020-2050,Power,519.8000000000012
,Power,46.29999999999999
2020-2050,Transport,77.50239124092543
,Transport,5.392180214923708
