YEAR:Period,TECHNOLOGY:Sector,VALUE
2020-2050,TRA,90.34449589964773
,TRA,16.200488456797373
