YEAR:Period,EMISSION:EmissionSubType,VALUE
2020-2050,Power,648.0765341857885
,Power,69.4518068017894
2020-2050,Transport,68.4564028910756
,Transport,3.658890110444211
