YEAR:Period,EMISSION:EmissionSubType,VALUE
2020-2050,Power,519.7999999999997
,Power,46.29999999999999
2020-2050,Transport,56.86000782643733
