YEAR:Period,TECHNOLOGY:Sector,VALUE
2020-2050,PWR,788.0445817599999
2020-2050,TRA,123.54973939141317
