YEAR:Period,EMISSION:EmissionSubType,VALUE
2020-2050,Power,519.7999999999994
,Power,46.29999999999998
2020-2050,Transport,98.88043302152752
,Transport,14.267283340984626
