YEAR:Period,EMISSION:EmissionSubType,VALUE
2020-2050,Power,519.8000000000004
,Power,46.3
2020-2050,Transport,88.62351619589352
,Transport,6.9971715684377624
