YEAR:Period,TECHNOLOGY:Sector,VALUE
2020-2050,TRA,121.690168234396
,TRA,35.063215030172955
