YEAR:Period,TECHNOLOGY:Sector,VALUE
2020-2050,PWR,629.3267246764558
2020-2050,TRA,191.61610873602973
