YEAR:Period,TECHNOLOGY:Sector,VALUE
2020-2050,PWR,630.0896478494822
2020-2050,TRA,157.17164816909093
