YEAR:Period,EMISSION:EmissionSubType,VALUE
2020-2050,Power,392.89301786983987
,Power,23.150000000000002
2020-2050,Transport,72.00486006153848
,Transport,3.586547803183408
