YEAR:Period,EMISSION:EmissionSubType,VALUE
2020-2050,Power,263.11001786983996
2020-2050,Transport,51.816686095584686
