YEAR:Period,EMISSION:EmissionSubType,VALUE
2020-2050,Power,648.0765341857895
,Power,69.45180680178953
2020-2050,Transport,102.17489158402978
,Transport,21.129453157635083
