YEAR:Period,EMISSION:EmissionSubType,VALUE
2020-2050,Power,392.8930178698399
,Power,23.15
2020-2050,Transport,102.17489158402977
,Transport,21.129453157635083
