YEAR:Period,EMISSION:EmissionSubType,VALUE
2020-2050,Power,648.0765341857898
,Power,69.45180680178954
2020-2050,Transport,96.98148416363333
,Transport,21.129453157635083
