YEAR:Period,EMISSION:EmissionSubType,VALUE
2020-2050,Power,519.8000000000001
,Power,46.3
2020-2050,Transport,89.79924796279313
,Transport,10.43806184109283
