YEAR:Period,EMISSION:EmissionSubType,VALUE
2020-2050,Power,392.8930178698399
,Power,23.149999999999995
2020-2050,Transport,82.80299013890087
,Transport,6.730410424705612
