YEAR:Period,EMISSION:EmissionSubType,VALUE
2020-2050,Power,263.11001786984
2020-2050,Transport,91.70995542064261
,Transport,14.100876983417848
