YEAR:Period,TECHNOLOGY:Sector,VALUE
2020-2050,PWR,788.04458176
2020-2050,TRA,155.401300872451
