YEAR:Period,EMISSION:EmissionSubType,VALUE
2020-2050,Power,263.1100178698399
2020-2050,Transport,71.92577496192138
,Transport,4.557295498009734
