YEAR:Period,TECHNOLOGY:Sector,VALUE
2020-2050,PWR,975.2029095124627
2020-2050,TRA,122.05968699999998
