YEAR:Period,EMISSION:EmissionSubType,VALUE
2020-2050,Power,648.0765341857898
,Power,69.45180680178949
2020-2050,Transport,73.00787795987289
,Transport,3.3600249795730175
