YEAR:Period,EMISSION:EmissionSubType,VALUE
2020-2050,Power,519.8000000000003
,Power,46.3
2020-2050,Transport,85.9695984191195
,Transport,10.360163324376753
