YEAR:Period,EMISSION:EmissionSubType,VALUE
2020-2050,Power,519.7999999999995
,Power,46.3
2020-2050,Transport,90.09408369575435
,Transport,16.118407017502122
