YEAR:Period,EMISSION:EmissionSubType,VALUE
2020-2050,Power,263.11001786983996
2020-2050,Transport,90.36056847352113
,Transport,16.902487450371996
