YEAR:Period,EMISSION:EmissionSubType,VALUE
2020-2050,Power,648.0765341857901
,Power,69.4518068017896
2020-2050,Transport,82.22458686845883
,Transport,11.253647947207154
