YEAR:Period,EMISSION:EmissionSubType,VALUE
2020-2050,Power,648.0765341857892
,Power,69.45180680178949
2020-2050,Transport,53.7436989522903
