YEAR:Period,TECHNOLOGY:Sector,VALUE
2020-2050,PWR,630.0668644718651
2020-2050,TRA,122.35405486465078
