YEAR:Period,TECHNOLOGY:Sector,VALUE
2020-2050,TRA,81.09385250835722
,TRA,9.396667035926084
