YEAR:Period,EMISSION:EmissionSubType,VALUE
2020-2050,Power,648.0765341857898
,Power,69.45180680178956
2020-2050,Transport,85.99549101298582
,Transport,15.343178940472658
