YEAR:Period,TECHNOLOGY:Sector,VALUE
2020-2050,PWR,975.2029095124631
2020-2050,TRA,171.21885599999996
