YEAR:Period,EMISSION:EmissionSubType,VALUE
2020-2050,Power,392.89301786983987
,Power,23.15
2020-2050,Transport,70.273297926035
,Transport,3.44911527300303
