YEAR:Period,EMISSION:EmissionSubType,VALUE
2020-2050,Power,392.89301786984
,Power,23.15
2020-2050,Transport,85.99549101298582
,Transport,15.343178940472658
