YEAR:Period,EMISSION:EmissionSubType,VALUE
2020-2050,Power,648.0765341857888
,Power,69.45180680178916
2020-2050,Transport,75.29110666976626
,Transport,7.829032741706225
