YEAR:Period,EMISSION:EmissionSubType,VALUE
2020-2050,Power,648.07653418579
,Power,69.45180680178944
2020-2050,Transport,77.5883209961681
,Transport,11.217899861539001
