YEAR:Period,EMISSION:EmissionSubType,VALUE
2020-2050,Power,519.8000000000004
,Power,46.3
2020-2050,Transport,77.58832099616811
,Transport,11.217899861539001
