YEAR:Period,TECHNOLOGY:Sector,VALUE
2020-2050,PWR,629.2263867435859
2020-2050,TRA,156.5460469819484
