YEAR:Period,EMISSION:EmissionSubType,VALUE
2020-2050,Power,392.8930178698399
,Power,23.14999999999999
2020-2050,Transport,54.95678679644019
