YEAR:Period,EMISSION:EmissionSubType,VALUE
2020-2050,Power,519.8000000000001
,Power,46.3
2020-2050,Transport,94.30351064431584
,Transport,12.924983363653801
