YEAR:Period,EMISSION:EmissionSubType,VALUE
2020-2050,Power,263.11001786983996
2020-2050,Transport,103.84396686011857
,Transport,20.462007248808987
