YEAR:Period,TECHNOLOGY:Sector,VALUE
2020-2050,PWR,975.2029095124632
2020-2050,TRA,150.84666099999993
