YEAR:Period,EMISSION:EmissionSubType,VALUE
2020-2050,Power,519.8000000000001
,Power,46.3
2020-2050,Transport,97.2950565018859
,Transport,19.942605688080597
