YEAR:Period,TECHNOLOGY:Sector,VALUE
2020-2050,PWR,627.5411447138463
2020-2050,TRA,187.9143299503404
