YEAR:Period,EMISSION:EmissionSubType,VALUE
2020-2050,Power,648.0765341857891
,Power,69.45180680178942
2020-2050,Transport,79.95319256782491
,Transport,8.689576261984316
