YEAR:Period,EMISSION:EmissionSubType,VALUE
2020-2050,Power,648.0765341857899
,Power,69.45180680178959
2020-2050,Transport,81.13097462971336
,Transport,11.255000000000003
