YEAR:Period,EMISSION:EmissionSubType,VALUE
2020-2050,Power,392.8930178698399
,Power,23.15
2020-2050,Transport,79.94976603032107
,Transport,8.689576261984318
