YEAR:Period,EMISSION:EmissionSubType,VALUE
2020-2050,Power,263.11001786983996
2020-2050,Transport,82.42657366543415
,Transport,9.787678560280376
