YEAR:Period,TECHNOLOGY:Sector,VALUE
2020-2050,PWR,975.2029095124622
2020-2050,TRA,171.12878300000014
