YEAR:Period,EMISSION:EmissionSubType,VALUE
2020-2050,Power,519.8000000000003
,Power,46.3
2020-2050,Transport,82.42657366543413
,Transport,9.787678560280375
