YEAR:Period,EMISSION:EmissionSubType,VALUE
2020-2050,Power,263.1100178698399
2020-2050,Transport,89.8291843696592
,Transport,17.06264433512891
