YEAR:Period,EMISSION:EmissionSubType,VALUE
2020-2050,Power,648.0765341857895
,Power,69.45180680178956
2020-2050,Transport,81.85822535872435
,Transport,11.254999999999999
