YEAR:Period,EMISSION:EmissionSubType,VALUE
2020-2050,Power,648.0765341857884
,Power,69.45180680178937
2020-2050,Transport,55.781439018071026
