YEAR:Period,EMISSION:EmissionSubType,VALUE
2020-2050,Power,392.89301786983987
,Power,23.149999999999995
2020-2050,Transport,55.751035955775976
