YEAR:Period,TECHNOLOGY:Sector,VALUE
2020-2050,PWR,975.202909512464
2020-2050,TRA,164.08490199999994
