YEAR:Period,TECHNOLOGY:Sector,VALUE
2020-2050,PWR,781.1935913978494
2020-2050,TRA,173.96916661734164
