YEAR:Period,EMISSION:EmissionSubType,VALUE
2020-2050,Power,263.1100178698399
2020-2050,Transport,69.78411100086439
,Transport,4.750258215419924
