YEAR:Period,EMISSION:EmissionSubType,VALUE
2020-2050,Power,519.8000000000004
,Power,46.3
2020-2050,Transport,97.55977092957502
,Transport,19.014241783000195
