YEAR:Period,EMISSION:EmissionSubType,VALUE
2020-2050,Power,392.8930178698398
,Power,23.15
2020-2050,Transport,89.72660702144655
,Transport,12.185246174912631
