YEAR:Period,TECHNOLOGY:Sector,VALUE
2020-2050,PWR,627.2944268153605
2020-2050,TRA,182.73564241517315
