YEAR:Period,EMISSION:EmissionSubType,VALUE
2020-2050,Power,519.8000000000002
,Power,46.3
2020-2050,Transport,71.01510334689087
,Transport,3.1643966671654735
