YEAR:Period,EMISSION:EmissionSubType,VALUE
2020-2050,Power,648.0765341857901
,Power,69.45180680178952
2020-2050,Transport,77.5315269992584
,Transport,5.9747760944326505
