YEAR:Period,EMISSION:EmissionSubType,VALUE
2020-2050,Power,519.8000000000001
,Power,46.29999999999999
2020-2050,Transport,89.9454159618339
,Transport,16.54000837544622
