YEAR:Period,EMISSION:EmissionSubType,VALUE
2020-2050,Power,392.8930178698399
,Power,23.15
2020-2050,Transport,89.9454159618339
,Transport,16.54000837544622
