YEAR:Period,EMISSION:EmissionSubType,VALUE
2020-2050,Power,519.8000000000002
,Power,46.3
2020-2050,Transport,70.95331165962439
,Transport,3.113091644326567
