YEAR:Period,EMISSION:EmissionSubType,VALUE
2020-2050,Power,392.8930178698399
,Power,23.15
2020-2050,Transport,77.5315269992584
,Transport,5.9747760944326505
