YEAR:Period,EMISSION:EmissionSubType,VALUE
2020-2050,Power,519.8000000000002
,Power,46.3
2020-2050,Transport,81.37896006728992
,Transport,11.254999999999999
