YEAR:Period,TECHNOLOGY:Sector,VALUE
2020-2050,PWR,975.2029095124612
2020-2050,TRA,124.11231844897961
