YEAR:Period,TECHNOLOGY:Sector,VALUE
2020-2050,PWR,629.2287666730392
2020-2050,TRA,122.64030085636588
