YEAR:Period,EMISSION:EmissionSubType,VALUE
2020-2050,Power,648.0765341857891
,Power,69.45180680178946
2020-2050,Transport,76.41523502602779
,Transport,7.420192747994204
