YEAR:Period,EMISSION:EmissionSubType,VALUE
2020-2050,Power,519.8000000000001
,Power,46.3
2020-2050,Transport,67.1594918803587
,Transport,2.9508399890385633
