YEAR:Period,EMISSION:EmissionSubType,VALUE
2020-2050,Power,263.11001786983996
2020-2050,Transport,78.24572324098668
,Transport,8.833888428730338
