YEAR:Period,EMISSION:EmissionSubType,VALUE
2020-2050,Power,648.0765341857899
,Power,69.45180680178946
2020-2050,Transport,78.85349389068412
,Transport,11.225292570199466
