YEAR:Period,EMISSION:EmissionSubType,VALUE
2020-2050,Power,519.8000000000004
,Power,46.29999999999999
2020-2050,Transport,53.80742430037009
