YEAR:Period,EMISSION:EmissionSubType,VALUE
2020-2050,Power,648.07653418579
,Power,69.4518068017895
2020-2050,Transport,68.18333919603123
,Transport,4.466173824577071
