YEAR:Period,EMISSION:EmissionSubType,VALUE
2020-2050,Power,519.8
,Power,46.3
2020-2050,Transport,78.32353378760443
,Transport,13.537410643338157
