YEAR:Period,EMISSION:EmissionSubType,VALUE
2020-2050,Power,519.8000000000003
,Power,46.29999999999999
2020-2050,Transport,77.44069656802918
,Transport,12.693522475064338
