YEAR:Period,TECHNOLOGY:Sector,VALUE
2020-2050,TRA,74.05530194948176
,TRA,8.327058870812355
