YEAR:Period,EMISSION:EmissionSubType,VALUE
2020-2050,Power,263.11001786983985
2020-2050,Transport,77.3511779351429
,Transport,12.927913329379521
