YEAR:Period,EMISSION:EmissionSubType,VALUE
2020-2050,Power,648.0765341857893
,Power,69.45180680178953
2020-2050,Transport,74.04673020356572
,Transport,8.327058870812355
