YEAR:Period,EMISSION:EmissionSubType,VALUE
2020-2050,Power,648.076534185789
,Power,69.45180680178944
2020-2050,Transport,54.013833592912036
