YEAR:Period,TECHNOLOGY:Sector,VALUE
2020-2050,PWR,781.1935913978501
2020-2050,TRA,123.47789315068493
