YEAR,CostType,VALUE
2022,CAP,6108.2037855985145
2023,CAP,6553.5190463155695
2024,CAP,6767.81697616077
2025,CAP,10832.387316456065
2030,CAP,4533.905117975147
2039,CAP,5545.331275804069
2042,CAP,5644.520400966234
2043,CAP,6203.338472194151
2044,CAP,5565.450470695058
2045,CAP,5876.603085564093
2046,CAP,5885.040707181886
2047,CAP,6412.4343353738495
2048,CAP,6764.871419253096
2049,CAP,6880.21676301986
2021,CAP,2692.324659288056
2026,CAP,4409.116597377239
2036,CAP,5236.031438155486
2037,CAP,5301.377393039234
2031,CAP,5989.760198609851
2027,CAP,4360.586080928752
2028,CAP,4100.66307553203
2029,CAP,4295.526091530901
2032,CAP,4990.028067297664
2040,CAP,5379.44963003452
2041,CAP,5067.78898645232
2050,CAP,9180.53520946236
2033,CAP,5197.184100125383
2034,CAP,5331.916705395237
2035,CAP,5137.977578339331
2038,CAP,5288.7719119339545
2021,FIX,1623.0366880000001
2022,FIX,1714.6574012600454
2023,FIX,1809.8437860925383
2024,FIX,1904.827919153413
2025,FIX,2114.0077753026526
2026,FIX,2042.6734957105773
2027,FIX,2019.6229471921924
2028,FIX,2016.0741360484922
2029,FIX,2029.6388797216223
2030,FIX,2054.690434974144
2031,FIX,2099.4635523711363
2032,FIX,2132.5116722972043
2033,FIX,2174.1026126223132
2034,FIX,2220.2639676388235
2035,FIX,2265.496423529887
2036,FIX,2313.5097153975994
2037,FIX,2364.0572404453396
2038,FIX,2415.4020044530394
2039,FIX,2472.3599299082107
2040,FIX,2524.4463071535397
2041,FIX,2583.7131188348317
2042,FIX,2639.545409153755
2043,FIX,2713.9221216579717
2044,FIX,2783.1287315697755
2045,FIX,2854.6251338230572
2046,FIX,2813.836534402623
2047,FIX,2894.2122259106636
2048,FIX,2987.9486086669194
2049,FIX,3075.8315525839707
2050,FIX,3194.9389943346723
2021,VAR,1253.5770803815478
2022,VAR,1375.0255853551187
2023,VAR,1738.7861977614896
2024,VAR,1093.4517296692454
2025,VAR,180.71197697502225
2026,VAR,315.3222684591212
2027,VAR,411.5635425805679
2028,VAR,543.7151842836084
2029,VAR,663.9239473004184
2030,VAR,747.197433294475
2031,VAR,658.2352863975445
2032,VAR,687.5435289123495
2033,VAR,690.0481213838242
2034,VAR,673.0529746771219
2035,VAR,675.3438837978453
2036,VAR,714.7247890223771
2037,VAR,741.7331670083862
2038,VAR,777.4011823662834
2039,VAR,788.3653092933148
2040,VAR,832.9986487369163
2041,VAR,853.2782806572001
2042,VAR,824.4734396489843
2043,VAR,712.3258372366663
2044,VAR,704.3401408908912
2045,VAR,686.3094894301012
2046,VAR,1013.1776992739277
2047,VAR,941.1741895344148
2048,VAR,806.8315251660483
2049,VAR,659.1653081897819
2050,VAR,189.90534986947216
