YEAR,CostType,VALUE
2022,CAP,6200.134094892749
2023,CAP,7055.373398528729
2024,CAP,7824.304154137589
2025,CAP,12196.57954872815
2030,CAP,5834.197196656698
2039,CAP,5453.312493098956
2042,CAP,5259.983415590759
2043,CAP,6094.510671234625
2044,CAP,5915.627986816019
2045,CAP,6263.679087657089
2046,CAP,7061.50626958394
2047,CAP,7132.509747363034
2048,CAP,6792.170466061458
2049,CAP,15738.377702338763
2021,CAP,2693.382749288056
2050,CAP,18003.376663502582
2026,CAP,4934.02814728832
2040,CAP,5630.634259444386
2031,CAP,6661.8517255849365
2027,CAP,4791.868473309216
2028,CAP,4463.637661005857
2029,CAP,5488.282142653757
2041,CAP,5468.179955848045
2032,CAP,5716.09775148896
2033,CAP,5573.661049566466
2034,CAP,5747.360408089985
2035,CAP,5247.968102445509
2036,CAP,5256.195509289211
2037,CAP,5584.39577109281
2038,CAP,5666.681358718626
2021,FIX,1623.0578280000002
2022,FIX,1716.5658516109297
2023,FIX,1822.7021864671615
2024,FIX,1941.0232690258424
2025,FIX,2181.110061670302
2026,FIX,2120.047370583413
2027,FIX,2105.1826508577815
2028,FIX,2108.321377271601
2029,FIX,2127.9793886702914
2030,FIX,2163.1222817243233
2031,FIX,2215.391644498118
2032,FIX,2256.285552448463
2033,FIX,2298.2745991589613
2034,FIX,2344.9714912290156
2035,FIX,2386.4192808711014
2036,FIX,2428.6239635053867
2037,FIX,2477.73512786411
2038,FIX,2529.4595454121686
2039,FIX,2578.3565319513937
2040,FIX,2629.2390540810857
2041,FIX,2689.7652917678374
2042,FIX,2737.2700224132254
2043,FIX,2803.1827951545633
2044,FIX,2872.1911207093085
2045,FIX,2943.734399409746
2046,FIX,2914.538198980592
2047,FIX,3012.0162216675535
2048,FIX,3095.5572037576335
2049,FIX,3441.5226522755042
2050,FIX,3823.5074871602037
2021,VAR,1253.5770803815474
2022,VAR,1366.1175401441483
2023,VAR,1671.8699617578015
2024,VAR,905.3449775739982
2025,VAR,-207.27085823304532
2026,VAR,-109.1621515691714
2027,VAR,-34.2400433468021
2028,VAR,79.51953905445849
2029,VAR,117.72202310659014
2030,VAR,87.89123701615142
2031,VAR,-65.4073074169705
2032,VAR,-102.70838475804143
2033,VAR,-90.85719198026206
2034,VAR,-96.17875555189978
2035,VAR,-55.49595855240466
2036,VAR,-18.26014168817369
2037,VAR,-24.407402460053518
2038,VAR,-34.265045622925534
2039,VAR,2.0006835484318657
2040,VAR,32.18372888700408
2041,VAR,-1.5973865536759746
2042,VAR,-8.82831588028138
2043,VAR,-124.23417370129359
2044,VAR,-185.65552301156038
2045,VAR,-78.9286295429257
2046,VAR,564.1715972585733
2047,VAR,379.5281289557434
2048,VAR,252.34172228093536
2049,VAR,451.22246643307875
2050,VAR,378.4375666135452
