YEAR,CostType,VALUE
2022,CAP,6111.336815598514
2023,CAP,6436.016165110955
2024,CAP,6357.961978745111
2025,CAP,9908.604228202345
2030,CAP,5925.65765586442
2042,CAP,15204.228751365483
2044,CAP,16185.642560736951
2045,CAP,16915.92476930151
2046,CAP,16421.951890569464
2047,CAP,17489.409395186052
2048,CAP,23553.799610655635
2021,CAP,2692.3246592880564
2049,CAP,27832.72780395578
2026,CAP,5017.781492300663
2036,CAP,11022.967564973229
2037,CAP,11772.51380279134
2043,CAP,15638.19819106926
2031,CAP,10109.260198650878
2041,CAP,12012.510873975125
2027,CAP,5193.5999669512
2028,CAP,5068.555222020242
2029,CAP,5318.2659160523635
2040,CAP,12547.423572131596
2050,CAP,28831.761261392203
2032,CAP,9330.97454958504
2033,CAP,9454.189976632813
2034,CAP,10737.49057058712
2035,CAP,10641.36025257809
2038,CAP,12055.401693387761
2039,CAP,12066.911886907466
2021,FIX,1623.0366880000001
2022,FIX,1714.720041260045
2023,FIX,1812.4849532107914
2024,FIX,1903.5410983316538
2025,FIX,2089.1518023461604
2026,FIX,2152.846270451333
2027,FIX,2220.3283200376723
2028,FIX,2285.8324187086273
2029,FIX,2356.0674421946806
2030,FIX,2436.7418862237464
2031,FIX,2542.2946705891945
2032,FIX,2631.616645384183
2033,FIX,2721.3405838748977
2034,FIX,2824.5122386532253
2035,FIX,2924.6194093538447
2036,FIX,3026.422279913661
2037,FIX,3137.969112766414
2038,FIX,3251.716084938362
2039,FIX,3361.7714195895705
2040,FIX,3478.928476491254
2041,FIX,3595.9666900860616
2042,FIX,3719.679780352609
2043,FIX,3847.7238124884148
2044,FIX,3982.1846102032296
2045,FIX,4126.760801256531
2046,FIX,4156.815097319781
2047,FIX,4313.130028990328
2048,FIX,4544.013375878554
2049,FIX,4887.6332289572965
2050,FIX,5220.236238615595
2021,VAR,1253.5770803815476
2022,VAR,1375.0255853551191
2023,VAR,1751.5360690669845
2024,VAR,1184.9091900405544
2025,VAR,466.111277464827
2026,VAR,535.8486724443413
2027,VAR,577.4532754312171
2028,VAR,700.8450721912775
2029,VAR,831.4776365111811
2030,VAR,906.1078676192404
2031,VAR,757.978735232144
2032,VAR,754.4929207516859
2033,VAR,765.9383125838787
2034,VAR,756.5681677845477
2035,VAR,792.6967647040676
2036,VAR,889.379498715939
2037,VAR,933.2314028925811
2038,VAR,995.1312921593808
2039,VAR,1085.1778763072623
2040,VAR,1153.6226364467302
2041,VAR,1232.8495587109062
2042,VAR,1267.8048432151209
2043,VAR,1291.00214789136
2044,VAR,1313.9277149906538
2045,VAR,1329.173238457174
2046,VAR,1489.9190143005462
2047,VAR,1469.1543510876247
2048,VAR,1489.6461861645782
2049,VAR,1582.0133398294963
2050,VAR,1396.2526079675492
