YEAR,CostType,VALUE
2022,CAP,6108.203785598513
2023,CAP,6415.407095758058
2024,CAP,7323.848830989094
2025,CAP,11732.935290246627
2030,CAP,4881.553160524442
2039,CAP,6780.354927682414
2040,CAP,6608.510578940872
2042,CAP,6554.329073089439
2043,CAP,7639.696503074246
2044,CAP,7106.181754022864
2045,CAP,7730.511984644808
2046,CAP,8065.591146748929
2047,CAP,8252.480420223548
2048,CAP,8471.2292896652
2049,CAP,8593.412794919506
2021,CAP,2692.324659288056
2050,CAP,10918.367937486826
2026,CAP,4291.48069611702
2031,CAP,5866.766454533994
2027,CAP,4492.0189725343025
2028,CAP,4391.458915756879
2029,CAP,4417.101465063839
2041,CAP,6189.277881744771
2032,CAP,5260.488274698046
2033,CAP,5161.865008711451
2034,CAP,5319.912350615686
2035,CAP,5321.240401177679
2036,CAP,6352.568894235303
2037,CAP,6582.742816720423
2038,CAP,6370.085469382711
2021,FIX,1623.0366880000001
2022,FIX,1714.6574012600452
2023,FIX,1809.6017087961495
2024,FIX,1917.6347892468152
2025,FIX,2148.3601033674513
2026,FIX,2146.8899525126917
2027,FIX,2159.125064897001
2028,FIX,2176.6311421165647
2029,FIX,2199.57988390859
2030,FIX,2234.4184834325724
2031,FIX,2288.1149897711966
2032,FIX,2334.2944333407013
2033,FIX,2380.83594203021
2034,FIX,2430.684594670035
2035,FIX,2481.571162877118
2036,FIX,2533.6777067494268
2037,FIX,2590.795806806145
2038,FIX,2645.313472767045
2039,FIX,2707.4958763152267
2040,FIX,2765.3365322721734
2041,FIX,2827.729687308115
2042,FIX,2877.935766336593
2043,FIX,2950.5512890465557
2044,FIX,3021.8036939586054
2045,FIX,3107.9732302924767
2046,FIX,3089.5835680060272
2047,FIX,3185.8352899300667
2048,FIX,3284.7066780297064
2049,FIX,3384.057495449873
2050,FIX,3523.817651303614
2021,VAR,1253.5770803815478
2022,VAR,1375.02558535512
2023,VAR,1754.4338740603237
2024,VAR,1024.7368483419777
2025,VAR,-41.27520277439503
2026,VAR,90.2798611885602
2027,VAR,182.52845767799772
2028,VAR,300.42385053140765
2029,VAR,431.6162990183626
2030,VAR,523.6148110919364
2031,VAR,510.2798998480305
2032,VAR,588.3069885534767
2033,VAR,696.8911288572181
2034,VAR,803.7625888083684
2035,VAR,928.1142145898131
2036,VAR,948.7260064645344
2037,VAR,940.918844949051
2038,VAR,969.796964877671
2039,VAR,971.3948334705321
2040,VAR,1011.855518984934
2041,VAR,1046.8828273170716
2042,VAR,1083.3435225137555
2043,VAR,977.0963511460263
2044,VAR,965.1779965599293
2045,VAR,1040.7844425920773
2046,VAR,1773.9853522017293
2047,VAR,1645.3949589217075
2048,VAR,1480.336194829108
2049,VAR,1345.1723058794016
2050,VAR,881.4711075395722
