YEAR,CostType,VALUE
2022,CAP,6108.203785598514
2023,CAP,6287.025391482514
2024,CAP,5534.068521333063
2025,CAP,10727.191136778274
2038,CAP,5503.079765370795
2039,CAP,5889.789741027975
2042,CAP,5652.708040873848
2043,CAP,6432.169847705907
2044,CAP,6030.625790779174
2045,CAP,6681.395219659345
2046,CAP,6497.271752406464
2047,CAP,7155.435166576084
2048,CAP,6974.792946476129
2049,CAP,7284.677417490723
2021,CAP,2692.324659288056
2050,CAP,9917.7585761317
2026,CAP,3559.3151782231816
2030,CAP,4129.154742589227
2036,CAP,5450.337154733601
2037,CAP,5575.275648863284
2031,CAP,5002.055244442008
2027,CAP,3526.9523170984203
2028,CAP,3676.3441498744887
2029,CAP,3659.295871965268
2033,CAP,5006.859231290768
2040,CAP,5387.723680741047
2041,CAP,4927.181012411076
2032,CAP,4307.044058634722
2034,CAP,5043.193432788412
2035,CAP,5442.240978136959
2021,FIX,1623.0366880000001
2022,FIX,1714.6574012600454
2023,FIX,1809.3766862998978
2024,FIX,1888.7626943135174
2025,FIX,2110.1951939358987
2026,FIX,2062.980648871746
2027,FIX,2044.3272163534762
2028,FIX,2036.9959320282956
2029,FIX,2040.1590497368336
2030,FIX,2057.931685260963
2031,FIX,2096.9354224062695
2032,FIX,2127.8928005255543
2033,FIX,2163.307676805241
2034,FIX,2201.60079953694
2035,FIX,2251.002950207305
2036,FIX,2301.092097947605
2037,FIX,2354.9557471513317
2038,FIX,2408.8084702190927
2039,FIX,2470.516882422848
2040,FIX,2524.5982344419986
2041,FIX,2588.324078639278
2042,FIX,2649.918566804081
2043,FIX,2724.6539931250404
2044,FIX,2791.9990794473306
2045,FIX,2861.835407781935
2046,FIX,2821.7720017036027
2047,FIX,2909.9410982101244
2048,FIX,3002.883788031869
2049,FIX,3102.938682100082
2050,FIX,3243.9534269845267
2021,VAR,1253.5770803815474
2022,VAR,1375.0255853551191
2023,VAR,1768.9791421785949
2024,VAR,1278.832227219426
2025,VAR,339.3835790355913
2026,VAR,507.2817973936597
2027,VAR,648.9415455996104
2028,VAR,781.9133336329304
2029,VAR,926.7178476631797
2030,VAR,1015.6228421629693
2031,VAR,1031.0972620227526
2032,VAR,1138.0804768736446
2033,VAR,1176.9774231344004
2034,VAR,1213.679997613272
2035,VAR,1206.8683422086126
2036,VAR,1245.8753434405498
2037,VAR,1268.0592669861321
2038,VAR,1313.8062737637267
2039,VAR,1318.3219509407575
2040,VAR,1379.10986721833
2041,VAR,1395.11731883979
2042,VAR,1369.5541254447155
2043,VAR,1237.3573783875374
2044,VAR,1178.2754328537685
2045,VAR,1114.2171619113033
2046,VAR,1424.1721460733568
2047,VAR,1325.3295454038332
2048,VAR,1264.806509319621
2049,VAR,1189.1438855194506
2050,VAR,783.5938088652531
