YEAR,CostType,VALUE
2022,CAP,6108.203785598512
2023,CAP,6736.852118932146
2024,CAP,7369.1988165714465
2025,CAP,12065.678983050702
2030,CAP,4580.76988545269
2039,CAP,6141.511648374449
2042,CAP,6059.059353053711
2043,CAP,6709.371736887276
2044,CAP,6624.745776363502
2045,CAP,6853.451438976393
2046,CAP,7421.80459538463
2047,CAP,7647.452661069451
2048,CAP,7851.238280391804
2049,CAP,8285.618847844744
2021,CAP,2692.3246592880573
2026,CAP,4487.710019230547
2040,CAP,6197.280000322084
2050,CAP,11033.214914372067
2031,CAP,5986.66288691511
2027,CAP,4465.148039117658
2028,CAP,4158.614341991237
2029,CAP,4247.340956422322
2041,CAP,5882.023700980388
2032,CAP,5479.106105604618
2033,CAP,5471.875574685572
2034,CAP,5664.523902640729
2035,CAP,5500.006440836976
2036,CAP,5339.794361713347
2037,CAP,5826.29637252654
2038,CAP,5628.016531368356
2021,FIX,1623.0366880000001
2022,FIX,1714.6574012600452
2023,FIX,1810.1651252263237
2024,FIX,1919.174433332416
2025,FIX,2156.540084847909
2026,FIX,2118.6513758654505
2027,FIX,2109.1981607145017
2028,FIX,2110.7619318100533
2029,FIX,2124.275896643283
2030,FIX,2150.3488815444334
2031,FIX,2201.2246277027916
2032,FIX,2240.17237562405
2033,FIX,2279.873212577313
2034,FIX,2324.3967483846036
2035,FIX,2368.773428941093
2036,FIX,2411.5608202181793
2037,FIX,2463.8931318180485
2038,FIX,2514.391314547949
2039,FIX,2573.824090762463
2040,FIX,2628.3839779480786
2041,FIX,2693.6973388890283
2042,FIX,2746.444032541859
2043,FIX,2820.6593230251488
2044,FIX,2896.917591779886
2045,FIX,2975.287383140115
2046,FIX,2953.238226515122
2047,FIX,3056.373477852553
2048,FIX,3162.0668223463604
2049,FIX,3272.947437435957
2050,FIX,3430.2190619346075
2021,VAR,1253.5770803815485
2022,VAR,1375.02558535512
2023,VAR,1718.0151018237755
2024,VAR,986.4112317565382
2025,VAR,-112.01114779794783
2026,VAR,-28.683754400640822
2027,VAR,31.375536286884316
2028,VAR,132.38528579158086
2029,VAR,239.4378629949549
2030,VAR,312.4255877995191
2031,VAR,232.66725086110995
2032,VAR,232.13193138272916
2033,VAR,237.47318947020733
2034,VAR,222.90422670668465
2035,VAR,228.8109301644164
2036,VAR,253.26518145660918
2037,VAR,221.99665627389706
2038,VAR,226.0070004050342
2039,VAR,203.51773267878826
2040,VAR,222.4402923184412
2041,VAR,191.6187911496831
2042,VAR,169.65885565808173
2043,VAR,63.445547582838316
2044,VAR,-10.537277351132047
2045,VAR,104.43202418428731
2046,VAR,771.6006086272705
2047,VAR,618.1007231431709
2048,VAR,441.329108069058
2049,VAR,274.06932539084926
2050,VAR,-229.67604010283762
