YEAR,CostType,VALUE
2022,CAP,6108.203785598513
2023,CAP,6483.8537569654445
2024,CAP,7276.157251668474
2025,CAP,11735.026031498131
2030,CAP,4785.459837599561
2039,CAP,5507.474599677769
2042,CAP,5203.289596832689
2043,CAP,6162.660495112764
2044,CAP,5797.859450524234
2045,CAP,5991.877652218047
2046,CAP,6501.090180856643
2047,CAP,6731.2729207118955
2048,CAP,6932.634011730002
2049,CAP,7217.521693469935
2021,CAP,2692.324659288056
2026,CAP,4298.050214512328
2031,CAP,5958.96250646328
2027,CAP,4244.220519947669
2028,CAP,3916.446887432796
2029,CAP,3984.3694216962085
2040,CAP,5292.602313381815
2041,CAP,5093.198931761727
2050,CAP,9086.860316598135
2032,CAP,5067.604712277187
2033,CAP,4881.085253541954
2034,CAP,5009.586760361101
2035,CAP,4874.517605379868
2036,CAP,4772.135038986789
2037,CAP,5190.346128646129
2038,CAP,4905.351393286316
2021,FIX,1623.0366880000001
2022,FIX,1714.6574012600452
2023,FIX,1809.7216794621568
2024,FIX,1916.5858456672884
2025,FIX,2147.333578472386
2026,FIX,2072.02453936636
2027,FIX,2046.5915278411353
2028,FIX,2039.5607929365476
2029,FIX,2047.197603901599
2030,FIX,2066.6220046703493
2031,FIX,2111.780361164694
2032,FIX,2146.3351107003227
2033,FIX,2181.3141125141806
2034,FIX,2220.215822504728
2035,FIX,2259.41252504469
2036,FIX,2298.0051346683967
2037,FIX,2344.940014689387
2038,FIX,2388.5793485418208
2039,FIX,2443.174278402687
2040,FIX,2492.3518310880168
2041,FIX,2550.2024756414894
2042,FIX,2596.897951846752
2043,FIX,2664.996683373023
2044,FIX,2739.787966667194
2045,FIX,2814.2237141269725
2046,FIX,2786.7883145052438
2047,FIX,2874.9274623022
2048,FIX,2967.0635181936004
2049,FIX,3065.3772181864006
2050,FIX,3202.673175171358
2021,VAR,1253.5770803815483
2022,VAR,1375.02558535512
2023,VAR,1746.679069396529
2024,VAR,1025.6611115444878
2025,VAR,-40.70076999188247
2026,VAR,34.94007921613931
2027,VAR,86.00225861988773
2028,VAR,176.87104553529443
2029,VAR,272.1485514193374
2030,VAR,283.5727621642149
2031,VAR,149.27813604846662
2032,VAR,121.4145061029842
2033,VAR,116.85003112212631
2034,VAR,98.6497686358627
2035,VAR,96.70779751937962
2036,VAR,105.99070003820408
2037,VAR,66.22512124776406
2038,VAR,70.77771333543176
2039,VAR,20.002418012361325
2040,VAR,23.432909427048386
2041,VAR,-8.719470183179581
2042,VAR,-43.196991579451165
2043,VAR,-205.13995031255692
2044,VAR,-305.5581803486036
2045,VAR,-307.48392544931704
2046,VAR,456.58294214144655
2047,VAR,302.7583276244253
2048,VAR,119.15187153618017
2049,VAR,-61.924681961706796
2050,VAR,-428.6215035837589
