YEAR,CostType,VALUE
2022,CAP,6108.203785598513
2023,CAP,6553.5190463155695
2024,CAP,6796.25172148025
2025,CAP,10804.248488879708
2030,CAP,4321.724910865274
2039,CAP,5243.249718200179
2042,CAP,5589.670876685628
2043,CAP,6002.207971364734
2044,CAP,5476.4445515238
2045,CAP,5789.225619596156
2046,CAP,5756.069529313867
2047,CAP,6297.0026301909
2048,CAP,6406.144948372063
2049,CAP,6589.207174263658
2021,CAP,2692.324659288056
2026,CAP,3960.370833236845
2036,CAP,4900.960460159911
2037,CAP,4968.605484565669
2031,CAP,5597.462448180223
2027,CAP,4045.7630543389337
2028,CAP,3883.3903749260617
2029,CAP,3976.464999963955
2032,CAP,4575.535750110026
2033,CAP,4869.416944486389
2040,CAP,5064.534247902835
2041,CAP,4849.046262792768
2050,CAP,8960.14674553032
2034,CAP,4904.982461455131
2035,CAP,4806.751801858866
2038,CAP,4973.126208663345
2021,FIX,1623.0366880000001
2022,FIX,1714.6574012600452
2023,FIX,1809.8437860925378
2024,FIX,1905.510566781717
2025,FIX,2114.015495331508
2026,FIX,2031.9084578566303
2027,FIX,2002.5339936846772
2028,FIX,1994.92503830208
2029,FIX,2002.5253828771977
2030,FIX,2023.894054649703
2031,FIX,2062.9615886815222
2032,FIX,2089.2686004250168
2033,FIX,2125.5424005151
2034,FIX,2164.121016584751
2035,FIX,2203.602168675581
2036,FIX,2245.559201809444
2037,FIX,2289.973491337095
2038,FIX,2335.840805378363
2039,FIX,2387.184432203484
2040,FIX,2433.6906054519704
2041,FIX,2488.799921048263
2042,FIX,2543.4779687176842
2043,FIX,2615.2443371088316
2044,FIX,2683.012247965494
2045,FIX,2753.977766533615
2046,FIX,2713.7494466244025
2047,FIX,2800.4856000997497
2048,FIX,2886.2144693599175
2049,FIX,2968.74101591036
2050,FIX,3084.9786571485174
2021,VAR,1253.5770803815483
2022,VAR,1375.02558535512
2023,VAR,1738.7861977614891
2024,VAR,1088.9470937533843
2025,VAR,180.99962844105264
2026,VAR,275.5132613265345
2027,VAR,327.4623652801584
2028,VAR,407.13020326264683
2029,VAR,487.98241689176746
2030,VAR,524.1330326025088
2031,VAR,413.5127257305345
2032,VAR,424.6972463140233
2033,VAR,403.41010203356007
2034,VAR,378.34833151653663
2035,VAR,368.3419567083131
2036,VAR,395.3054370564474
2037,VAR,412.59740892079174
2038,VAR,442.38928623975414
2039,VAR,445.1866140491388
2040,VAR,489.2345332114465
2041,VAR,494.86546147497313
2042,VAR,436.5548534934817
2043,VAR,305.0421085806223
2044,VAR,265.02303829572566
2045,VAR,217.15249467555483
2046,VAR,530.9923316353782
2047,VAR,442.5487665852275
2048,VAR,330.4738430540141
2049,VAR,207.26559899901736
2050,VAR,-247.59264630380528
