YEAR,CostType,VALUE
2022,CAP,6172.845215404026
2023,CAP,6502.3556021274935
2024,CAP,7760.970161586184
2025,CAP,12196.57954872815
2030,CAP,5191.840280331145
2039,CAP,5563.712362157814
2042,CAP,5570.338473758867
2043,CAP,6506.457002928665
2044,CAP,6140.109346737627
2045,CAP,6417.21014056219
2046,CAP,7190.244918180492
2047,CAP,7472.367672826503
2048,CAP,7503.709187510651
2049,CAP,15854.954539208742
2021,CAP,2694.627713288056
2050,CAP,19694.090734226185
2026,CAP,4364.795321282145
2040,CAP,5437.836680799937
2031,CAP,6240.457637109358
2027,CAP,4319.416730956111
2028,CAP,3999.538587462296
2029,CAP,4822.468224817649
2041,CAP,5565.060361906287
2032,CAP,5356.499597901538
2033,CAP,5254.695634565663
2034,CAP,5510.851501047713
2035,CAP,5251.513572691417
2036,CAP,5045.672513774946
2037,CAP,5564.50169872824
2038,CAP,5573.595555851078
2021,FIX,1623.082728
2022,FIX,1716.0313041320615
2023,FIX,1815.1424514691057
2024,FIX,1933.4553939909742
2025,FIX,2173.6489764441053
2026,FIX,2099.942464705262
2027,FIX,2076.3012225159755
2028,FIX,2071.2545538109134
2029,FIX,2083.594979620254
2030,FIX,2110.393565453121
2031,FIX,2159.0172558853724
2032,FIX,2196.8135645725074
2033,FIX,2236.2243120136545
2034,FIX,2281.6527622726203
2035,FIX,2325.4600546035977
2036,FIX,2366.869913687719
2037,FIX,2418.2626088902775
2038,FIX,2471.394034885531
2039,FIX,2524.9231106101943
2040,FIX,2578.1692361736323
2041,FIX,2642.51530342403
2042,FIX,2692.12234289744
2043,FIX,2760.738818906763
2044,FIX,2833.058852144215
2045,FIX,2909.6490157388826
2046,FIX,2886.102211316913
2047,FIX,2981.7448435680844
2048,FIX,3077.228745928761
2049,FIX,3425.258988452526
2050,FIX,3864.7254015417398
2021,VAR,1253.5770803815476
2022,VAR,1368.6179605918162
2023,VAR,1736.6513859754957
2024,VAR,966.6969425314985
2025,VAR,-144.63829244995458
2026,VAR,-73.01529621521925
2027,VAR,-25.293230771189567
2028,VAR,62.38483059653008
2029,VAR,98.71190106075217
2030,VAR,78.37036557391248
2031,VAR,-79.16575101618221
2032,VAR,-122.6679856149884
2033,VAR,-113.26179321948723
2034,VAR,-126.92542165475088
2035,VAR,-111.20344574754293
2036,VAR,-72.89347638439872
2037,VAR,-96.64064193973078
2038,VAR,-107.27914939744838
2039,VAR,-92.64374119642972
2040,VAR,-62.10368525101963
2041,VAR,-104.43089552224453
2042,VAR,-114.34560722436058
2043,VAR,-257.4477355324576
2044,VAR,-328.2517686992585
2045,VAR,-212.3604710605771
2046,VAR,454.36328072822755
2047,VAR,305.8008152282994
2048,VAR,178.67904591893225
2049,VAR,352.6210313105814
2050,VAR,185.3325248913859
