YEAR,CostType,VALUE
2022,CAP,6108.203785598514
2023,CAP,6553.519046315568
2024,CAP,6961.660942106748
2025,CAP,10640.964796088667
2030,CAP,5132.108960419896
2039,CAP,8085.623479984147
2042,CAP,12923.76257571734
2043,CAP,13551.211115959779
2044,CAP,13114.329484846885
2045,CAP,13702.371330195208
2046,CAP,13066.273135946121
2047,CAP,14148.69440048588
2048,CAP,14182.287701918558
2049,CAP,14839.212983342773
2021,CAP,2692.324659288056
2050,CAP,19132.797723636595
2026,CAP,4333.621131500321
2036,CAP,6142.0841434035
2037,CAP,6507.213897112023
2031,CAP,6283.570466217154
2027,CAP,4427.168077782738
2028,CAP,4316.689947334296
2029,CAP,4613.915675863476
2032,CAP,5582.142874509213
2040,CAP,10749.905507301188
2041,CAP,10675.193247064397
2033,CAP,5551.05135315818
2034,CAP,5975.768206741333
2035,CAP,5858.808372081977
2038,CAP,6846.083282046331
2021,FIX,1623.0366880000001
2022,FIX,1714.6574012600454
2023,FIX,1809.8437860925383
2024,FIX,1909.469055167795
2025,FIX,2114.0678761640647
2026,FIX,2161.24059973182
2027,FIX,2210.1095321399903
2028,FIX,2257.8065415204755
2029,FIX,2311.4488029189633
2030,FIX,2373.663027371366
2031,FIX,2454.205608567688
2032,FIX,2523.506977895365
2033,FIX,2592.553951815626
2034,FIX,2668.7158801293176
2035,FIX,2743.4256075915096
2036,FIX,2822.8321428955737
2037,FIX,2909.061432624803
2038,FIX,2998.308296827903
2039,FIX,3096.083538751665
2040,FIX,3195.939558639445
2041,FIX,3304.7709301647046
2042,FIX,3410.973011528693
2043,FIX,3531.313463953231
2044,FIX,3643.6252902307483
2045,FIX,3759.5224590060093
2046,FIX,3769.364028937091
2047,FIX,3904.946233960683
2048,FIX,4034.0751223917464
2049,FIX,4179.439269420603
2050,FIX,4409.457219299515
2021,VAR,1253.5770803815478
2022,VAR,1375.0255853551191
2023,VAR,1738.786197761489
2024,VAR,1063.2392793041197
2025,VAR,182.62227828444134
2026,VAR,241.9396359247755
2027,VAR,273.4699158766564
2028,VAR,351.88562661607847
2029,VAR,434.50112881055816
2030,VAR,468.60505567250743
2031,VAR,394.1416997583856
2032,VAR,438.4717326445568
2033,VAR,511.31172859383014
2034,VAR,570.293636257513
2035,VAR,666.9734468876561
2036,VAR,847.9042412706367
2037,VAR,1013.2912288177735
2038,VAR,1190.5888278017435
2039,VAR,1327.1155957575743
2040,VAR,1391.7822015765944
2041,VAR,1413.5189231784818
2042,VAR,1406.2947239397674
2043,VAR,1316.6597308564596
2044,VAR,1346.8077652588718
2045,VAR,1362.3192399258953
2046,VAR,1685.2980026801222
2047,VAR,1614.262331851507
2048,VAR,1572.873391730216
2049,VAR,1509.2863208848723
2050,VAR,1101.7514014716594
