YEAR,CostType,VALUE
2022,CAP,6485.205417150643
2023,CAP,6828.575139092509
2024,CAP,7293.146422831211
2025,CAP,12276.802914887765
2030,CAP,5077.8259882092325
2039,CAP,10426.920126220648
2042,CAP,12455.737843825673
2043,CAP,13510.70733253263
2044,CAP,13699.388510387756
2045,CAP,13947.737952716016
2046,CAP,13581.530183265799
2047,CAP,21182.92126900364
2048,CAP,20074.3550897983
2049,CAP,18384.898642468328
2021,CAP,2694.627713288056
2026,CAP,4389.241116448885
2040,CAP,10535.919068003031
2050,CAP,20272.790893295416
2031,CAP,8758.043602483409
2027,CAP,4486.362793806427
2028,CAP,4371.2279963686005
2029,CAP,4640.51782559538
2041,CAP,10292.458391985396
2032,CAP,8075.494250473889
2033,CAP,8027.782506839968
2034,CAP,9319.355155427134
2035,CAP,9196.60083916531
2036,CAP,9411.406250264994
2037,CAP,9985.98361268012
2038,CAP,10302.365913605378
2021,FIX,1623.082728
2022,FIX,1722.3835481307597
2023,FIX,1828.1177391131173
2024,FIX,1945.74335357783
2025,FIX,2187.7616309378195
2026,FIX,2236.483932405513
2027,FIX,2287.022429933292
2028,FIX,2336.220174829337
2029,FIX,2390.3832913507617
2030,FIX,2452.0344144075575
2031,FIX,2537.7422049324946
2032,FIX,2609.8965836211078
2033,FIX,2679.2095579806564
2034,FIX,2763.464323304017
2035,FIX,2843.3400146464987
2036,FIX,2923.7635630086734
2037,FIX,3011.234690356309
2038,FIX,3100.869749741726
2039,FIX,3189.9099376554746
2040,FIX,3277.9948444886973
2041,FIX,3377.2558343621117
2042,FIX,3463.4220308049767
2043,FIX,3566.1786574780363
2044,FIX,3666.6277496154134
2045,FIX,3774.058539933297
2046,FIX,3779.7969081606266
2047,FIX,4110.077747631232
2048,FIX,4336.235494713031
2049,FIX,4512.41590022224
2050,FIX,4699.360680990195
2021,VAR,1253.5770803815474
2022,VAR,1340.0500043575623
2023,VAR,1665.978754573484
2024,VAR,953.8675269362622
2025,VAR,-161.69611110768597
2026,VAR,-93.03580956423855
2027,VAR,-46.37504527397091
2028,VAR,76.38430010326637
2029,VAR,206.7879489585759
2030,VAR,300.39869322997936
2031,VAR,173.65679403880344
2032,VAR,177.35744418761587
2033,VAR,212.84555370105284
2034,VAR,201.19257146749857
2035,VAR,224.9691149241957
2036,VAR,256.0997116589855
2037,VAR,246.23148977542178
2038,VAR,235.55444360992487
2039,VAR,264.51085399489494
2040,VAR,305.1131026002829
2041,VAR,284.5609698846674
2042,VAR,287.26318003272155
2043,VAR,162.14888400611702
2044,VAR,75.01859886805451
2045,VAR,208.22400576639507
2046,VAR,900.1041780508843
2047,VAR,933.3112297323902
2048,VAR,925.2669345965868
2049,VAR,852.2561563153403
2050,VAR,410.58237726687264
