YEAR,CostType,VALUE
2022,CAP,6196.143532932965
2023,CAP,6828.575139092508
2024,CAP,8272.441774133325
2025,CAP,12249.405107937018
2039,CAP,9552.437970005847
2043,CAP,12556.835892471478
2044,CAP,12498.224074555383
2045,CAP,12665.574088776151
2046,CAP,11949.035501297423
2047,CAP,16039.487448200482
2048,CAP,18647.651174829964
2049,CAP,17248.251303343724
2027,CAP,5658.030546209165
2021,CAP,2694.6405127102876
2050,CAP,19605.864448440603
2026,CAP,3733.5954179213973
2030,CAP,4439.810024494534
2041,CAP,9292.692333346575
2031,CAP,7457.508883285576
2028,CAP,3733.9438072518196
2029,CAP,3882.8343840980683
2040,CAP,9511.902286453287
2042,CAP,11476.030584783
2032,CAP,6841.501793943744
2033,CAP,7184.738616824848
2034,CAP,7907.174164597962
2035,CAP,8085.7684096080375
2036,CAP,8321.852238373578
2037,CAP,8856.543494404585
2038,CAP,8938.853132233791
2021,FIX,1623.082728
2022,FIX,1716.5094674478546
2023,FIX,1822.2472978614264
2024,FIX,1958.7616870265413
2025,FIX,2200.083913753716
2026,FIX,2233.0596152312505
2027,FIX,2312.391529337026
2028,FIX,2346.1790045966495
2029,FIX,2383.364523976625
2030,FIX,2429.4871747458396
2031,FIX,2497.9113915140074
2032,FIX,2553.7258351053906
2033,FIX,2612.409824665999
2034,FIX,2678.385495701089
2035,FIX,2745.2258107351163
2036,FIX,2813.2099192044607
2037,FIX,2887.88469225147
2038,FIX,2961.2090133458805
2039,FIX,3042.8627002965504
2040,FIX,3120.341775188961
2041,FIX,3205.8560832341013
2042,FIX,3282.944858920171
2043,FIX,3378.825020921293
2044,FIX,3472.3192179163534
2045,FIX,3568.0881772285607
2046,FIX,3567.9534062228354
2047,FIX,3788.096615598354
2048,FIX,4028.740977456342
2049,FIX,4224.884380597243
2050,FIX,4448.134446793799
2021,VAR,1253.5562952373064
2022,VAR,1366.364559862848
2023,VAR,1697.867123953411
2024,VAR,837.6477959731395
2025,VAR,-276.42092688448554
2026,VAR,-220.87344556309122
2027,VAR,-494.7389694036414
2028,VAR,-391.1842567644111
2029,VAR,-275.67064281370887
2030,VAR,-204.22407336956377
2031,VAR,-306.745703445977
2032,VAR,-296.5359683973651
2033,VAR,-281.7087059940836
2034,VAR,-278.53101458558643
2035,VAR,-266.2359622651396
2036,VAR,-252.66229015476122
2037,VAR,-270.82170872405237
2038,VAR,-264.1181352822935
2039,VAR,-295.5039361987355
2040,VAR,-293.528779689543
2041,VAR,-334.4855846518456
2042,VAR,683.8938146755645
2043,VAR,486.53705848124923
2044,VAR,358.9347402628521
2045,VAR,275.5904613141623
2046,VAR,426.44993879258936
2047,VAR,349.280679588871
2048,VAR,372.8341358342081
2049,VAR,329.2500644702663
2050,VAR,-42.87476397789919
