YEAR,CostType,VALUE
2022,CAP,6108.203785598514
2023,CAP,6287.0253914825125
2024,CAP,5534.068521333061
2025,CAP,10727.191136778276
2039,CAP,4728.394701494922
2042,CAP,4787.660572992607
2043,CAP,5705.360624798822
2045,CAP,5876.777956071149
2046,CAP,4880.559463398592
2047,CAP,5853.9377761615115
2048,CAP,6142.4945789957055
2049,CAP,6545.3927233432005
2021,CAP,2692.3246592880564
2026,CAP,2626.299922417376
2030,CAP,3142.5203836944165
2044,CAP,5427.6175529023385
2036,CAP,4068.729144749636
2037,CAP,4534.221042081949
2031,CAP,3991.696844289903
2027,CAP,2632.7823955350013
2028,CAP,2630.499653852514
2029,CAP,2666.090678048131
2032,CAP,3728.4632112818517
2033,CAP,3740.472119173715
2040,CAP,4502.189199941873
2041,CAP,4020.0613725850503
2050,CAP,9357.907581673699
2034,CAP,3874.7088644955857
2035,CAP,3916.053412071824
2038,CAP,4492.513781403529
2021,FIX,1623.0366880000001
2022,FIX,1714.6574012600454
2023,FIX,1809.3766862998978
2024,FIX,1888.7626943135174
2025,FIX,2110.1951939358987
2026,FIX,2002.5351241956303
2027,FIX,1949.0912009260915
2028,FIX,1917.7275660147116
2029,FIX,1901.4786339843286
2030,FIX,1901.6229280071498
2031,FIX,1923.1184499077644
2032,FIX,1939.988499881754
2033,FIX,1960.220229222111
2034,FIX,1985.157183462792
2035,FIX,2013.0991212322733
2036,FIX,2044.0090046931232
2037,FIX,2086.6733436905474
2038,FIX,2129.3377385243184
2039,FIX,2177.7458402960274
2040,FIX,2223.0568889915285
2041,FIX,2276.8401712192885
2042,FIX,2331.4103520134586
2043,FIX,2400.21302357165
2044,FIX,2465.5214378921196
2045,FIX,2531.0838115270813
2046,FIX,2482.806823428144
2047,FIX,2560.813710439796
2048,FIX,2647.888504758371
2049,FIX,2745.488698142423
2050,FIX,2890.4569717006652
2021,VAR,1253.5770803815478
2022,VAR,1375.0255853551191
2023,VAR,1768.979142178595
2024,VAR,1278.8322272194262
2025,VAR,339.38357903559177
2026,VAR,404.9517006404091
2027,VAR,443.88527325437417
2028,VAR,501.2051849754223
2029,VAR,569.9117202147384
2030,VAR,580.823730760205
2031,VAR,530.6882286999926
2032,VAR,522.057340038535
2033,VAR,520.9614772486908
2034,VAR,518.5655637328604
2035,VAR,522.6190076062927
2036,VAR,571.339891748793
2037,VAR,565.3155913163561
2038,VAR,578.2906698054765
2039,VAR,573.4261083668969
2040,VAR,602.1361964438343
2041,VAR,607.5304414282082
2042,VAR,552.8164991326527
2043,VAR,389.0685012018414
2044,VAR,283.3665503629762
2045,VAR,201.26872197145548
2046,VAR,589.2413415101504
2047,VAR,564.3041049138226
2048,VAR,528.7448888766667
2049,VAR,473.38875468823466
2050,VAR,67.23590993467667
