YEAR,CostType,VALUE
2022,CAP,6108.2037855985145
2023,CAP,6417.8147138111835
2024,CAP,6753.783268953279
2025,CAP,10867.81010747282
2030,CAP,3924.8519253309396
2039,CAP,5040.714133195374
2042,CAP,4823.481234342495
2043,CAP,5722.766684845729
2044,CAP,5000.027007305353
2045,CAP,5949.816871011569
2046,CAP,5490.315336437784
2047,CAP,6300.189168435144
2048,CAP,6244.910613188479
2049,CAP,11053.244924958435
2021,CAP,2692.324659288056
2026,CAP,2998.3254580444664
2036,CAP,4441.593031831467
2037,CAP,4620.845332725974
2031,CAP,4983.737754909533
2027,CAP,3030.323628341742
2028,CAP,3029.202221839624
2029,CAP,3132.264722976731
2032,CAP,4169.912915052679
2040,CAP,4732.4352810864475
2041,CAP,4666.063721442115
2050,CAP,20939.476241786186
2033,CAP,4228.524034043796
2034,CAP,4364.788281624857
2035,CAP,4280.851714637812
2038,CAP,4595.164926328037
2021,FIX,1623.0366880000001
2022,FIX,1714.6574012600454
2023,FIX,1809.6630773220872
2024,FIX,1905.6330246197645
2025,FIX,2126.24770404395
2026,FIX,2025.9142582825873
2027,FIX,1980.2878436786582
2028,FIX,1956.789841269148
2029,FIX,1949.3496923288503
2030,FIX,1958.1923796147162
2031,FIX,1989.7504614754139
2032,FIX,2011.895068784354
2033,FIX,2037.5540196680374
2034,FIX,2067.329285522391
2035,FIX,2097.8246139372695
2036,FIX,2131.990419572055
2037,FIX,2170.58281958789
2038,FIX,2209.688088194526
2039,FIX,2257.6663556798126
2040,FIX,2299.598676005545
2041,FIX,2351.8033176233803
2042,FIX,2399.757667209245
2043,FIX,2466.2877092177205
2044,FIX,2527.881072722155
2045,FIX,2592.7435996713853
2046,FIX,2548.962747335441
2047,FIX,2635.9469850801734
2048,FIX,2726.873290529636
2049,FIX,2958.088714754382
2050,FIX,3450.950090324363
2021,VAR,1253.5770803815478
2022,VAR,1375.0255853551187
2023,VAR,1754.5160610925275
2024,VAR,1114.4838184184823
2025,VAR,197.14304487887526
2026,VAR,226.69214507805955
2027,VAR,228.55256150397827
2028,VAR,249.61188608451965
2029,VAR,275.7794643826422
2030,VAR,221.79109709287494
2031,VAR,54.75101658555192
2032,VAR,-3.1164912754238614
2033,VAR,-26.305623839867458
2034,VAR,-50.012818879421324
2035,VAR,-57.31484543820989
2036,VAR,-25.09318320710627
2037,VAR,-8.621469481264555
2038,VAR,25.047665122498486
2039,VAR,19.19838816429032
2040,VAR,64.30689917070151
2041,VAR,56.28600544827448
2042,VAR,22.584427096371442
2043,VAR,-127.60290930203692
2044,VAR,-156.9171540549566
2045,VAR,-245.51856604983655
2046,VAR,87.53754135342443
2047,VAR,15.097652976336306
2048,VAR,-33.38336175246188
2049,VAR,18.080375899085837
2050,VAR,-70.22225258398385
