YEAR,TECHNOLOGY:SubSector,VALUE
2021,MIN,27.294352157952748
2022,MIN,27.22451883955276
2023,MIN,27.22451883955276
2024,MIN,32.30074929301191
2025,MIN,70.38011451301195
2026,MIN,70.38011451301197
2027,MIN,70.44994783141189
2028,MIN,70.44994783141193
2029,MIN,70.44994783141192
2030,MIN,70.44994783141192
2031,MIN,70.44994783141193
2032,MIN,70.44994783141193
2033,MIN,70.44994783141195
2034,MIN,70.44994783141193
2035,MIN,71.32355488496152
2036,MIN,72.31771961038153
2037,MIN,75.92543801038154
2038,MIN,79.53315641038152
2039,MIN,82.53863298967828
2040,MIN,85.05360138967828
2041,MIN,86.91262098967829
2042,MIN,89.42758938967826
2043,MIN,91.94255778967829
2044,MIN,94.45752618967826
2045,MIN,94.44709170967829
2046,MIN,37.2250944
2047,MIN,37.2250944
2048,MIN,37.2250944
2049,MIN,37.2250944
2050,MIN,37.22509439999999
2046,IMP,5626.236970096203
2047,IMP,5548.270707903963
2048,IMP,5462.696584701429
2049,IMP,5269.637265634112
2050,IMP,5112.053358857514
2021,IMP,2262.8285333822096
2022,IMP,2617.8202759388337
2023,IMP,3135.802703035028
2024,IMP,2899.7194837204447
2025,IMP,3115.516469716836
2026,IMP,3218.3181505228267
2027,IMP,3329.7153248999925
2028,IMP,3445.070840777346
2029,IMP,3569.3820237069854
2030,IMP,3704.171048344552
2031,IMP,3844.690242268033
2032,IMP,3920.472378507333
2033,IMP,4006.0543959703687
2034,IMP,4096.526655645904
2035,IMP,4196.38017669067
2036,IMP,4308.044450440973
2037,IMP,4425.998730654414
2038,IMP,4559.527012179194
2039,IMP,4700.170519560565
2040,IMP,4853.625483042522
2041,IMP,5028.078358309023
2042,IMP,5163.929196952999
2043,IMP,5299.502428778437
2044,IMP,5168.462569830669
2045,IMP,5025.667145250182
