YEAR,CostType,VALUE
2027,CAP,4773.798887660006
2028,CAP,4806.203076192
2029,CAP,4909.669926605997
2030,CAP,4970.411944708832
2031,CAP,5038.407400198649
2032,CAP,5086.4783874510595
2033,CAP,5745.034327653946
2034,CAP,5816.1428929900085
2035,CAP,5880.258160931979
2036,CAP,5946.607740371181
2037,CAP,6010.87109363505
2038,CAP,6089.869787820009
2039,CAP,6160.724859200003
2040,CAP,6227.260278160264
2041,CAP,5274.352786482595
2042,CAP,6524.530900435829
2043,CAP,6645.682081414871
2044,CAP,7443.778102523842
2045,CAP,7597.7292370244195
2046,CAP,7481.489970131995
2047,CAP,10299.222894168004
2048,CAP,10165.763558115981
2049,CAP,10065.586310719833
2050,CAP,9879.712602958292
2022,CAP,3902.4540900000025
2023,CAP,3945.4214719999973
2024,CAP,3970.778685999999
2025,CAP,4046.8107840000057
2026,CAP,4134.722685999997
2021,CAP,2.6564279999990017
2027,FIX,1484.5234102120003
2028,FIX,1550.989739568
2029,FIX,1619.895114074
2030,FIX,1690.3750606071105
2031,FIX,1762.208560643056
2032,FIX,1834.7413636751394
2033,FIX,1921.2498096497964
2034,FIX,2008.7103804768276
2035,FIX,2097.2495429476667
2036,FIX,2185.84222910542
2037,FIX,2275.9821874625686
2038,FIX,2367.6399886925687
2039,FIX,2460.188807772569
2040,FIX,2553.7703717503646
2041,FIX,2649.558714935806
2042,FIX,2749.32778046532
2043,FIX,2850.6093688734363
2044,FIX,2955.0121852299517
2045,FIX,3061.416105310214
2046,FIX,3166.4286985902145
2047,FIX,3247.4830293742134
2048,FIX,3317.3197822462134
2049,FIX,3376.3890172757274
2050,FIX,3422.76724014742
2021,FIX,1114.10583
2022,FIX,1172.243794
2023,FIX,1231.8023389999998
2024,FIX,1291.906473
2025,FIX,1354.4057190000003
2026,FIX,1418.696368
