YEAR,CostType,VALUE
2022,CAP,5059.270414340004
2023,CAP,5103.450988849992
2024,CAP,5140.626849880002
2025,CAP,5223.310195228003
2026,CAP,5327.294813984
2027,CAP,5451.820259010006
2028,CAP,5498.477689027764
2029,CAP,5628.581073724898
2030,CAP,5706.192823035809
2031,CAP,5747.225759674007
2032,CAP,5794.689147244966
2033,CAP,5877.119791954653
2034,CAP,5955.7003394469775
2035,CAP,6027.944403258003
2036,CAP,6114.582177370608
2037,CAP,7086.5659305634335
2038,CAP,7793.786718724883
2039,CAP,8472.480203853087
2040,CAP,10184.63734460675
2041,CAP,10480.81984913458
2042,CAP,12252.937973037808
2043,CAP,12339.709779119852
2044,CAP,12467.090324691855
2045,CAP,12567.210420339892
2046,CAP,12519.877791121273
2047,CAP,13097.88317460799
2048,CAP,13125.62389410098
2049,CAP,13290.782335174024
2050,CAP,14944.159008506955
2021,CAP,2.656427999999145
2022,FIX,1184.42052186
2023,FIX,1255.823407704
2024,FIX,1327.620952644
2025,FIX,1401.5098049860003
2026,FIX,1477.6372118099998
2027,FIX,1556.7533980280002
2028,FIX,1636.9119029537014
2029,FIX,1720.162816269142
2030,FIX,1805.1933996190558
2031,FIX,1885.515450868056
2032,FIX,1966.0940693329612
2033,FIX,2048.5725195729065
2034,FIX,2131.8270325928115
2035,FIX,2216.3243258237185
2036,FIX,2301.1917970176623
2037,FIX,2389.4723908780993
2038,FIX,2480.3046357239828
2039,FIX,2570.498605965759
2040,FIX,2661.7767383173036
2041,FIX,2753.2817013976423
2042,FIX,2846.5308412930553
2043,FIX,2936.201444104294
2044,FIX,3020.7297765039307
2045,FIX,3101.08296729417
2046,FIX,3176.380570318294
2047,FIX,3248.045621569641
2048,FIX,3313.813084348988
2049,FIX,3390.172271447559
2050,FIX,3506.2051056345126
2021,FIX,1114.10583
