YEAR,CostType,VALUE
2022,CAP,5059.270414340003
2023,CAP,5103.450988849993
2024,CAP,5140.626849880002
2025,CAP,5302.644174080004
2026,CAP,5402.277187062998
2027,CAP,5439.442579010007
2028,CAP,5481.488353469477
2029,CAP,5610.105682805257
2030,CAP,5668.753652513737
2031,CAP,5709.819765674004
2032,CAP,7606.845939380243
2033,CAP,7963.237917808628
2034,CAP,8023.296739926651
2035,CAP,8706.54754876996
2036,CAP,8745.078464546172
2037,CAP,8788.64586807222
2038,CAP,9677.118448494672
2039,CAP,10615.432746007024
2040,CAP,10593.887964950622
2041,CAP,9557.539305134596
2042,CAP,11040.139953037811
2043,CAP,11119.227766092874
2044,CAP,11088.349468803843
2045,CAP,11025.290098488853
2046,CAP,10739.552943263276
2047,CAP,11098.858473456
2048,CAP,10909.665843047007
2049,CAP,11849.54348458726
2050,CAP,11918.224519701173
2021,CAP,2.656427999999145
2022,FIX,1184.42052186
2023,FIX,1255.823407704
2024,FIX,1327.620952644
2025,FIX,1403.1567873640001
2026,FIX,1480.54049545
2027,FIX,1559.0124572520003
2028,FIX,1638.3886568678051
2029,FIX,1720.7697279041504
2030,FIX,1804.4263446470557
2031,FIX,1883.3622048480559
2032,FIX,1968.364986593961
2033,FIX,2054.225347259709
2034,FIX,2138.8619678715804
2035,FIX,2223.9128328620513
2036,FIX,2306.263576225805
2037,FIX,2387.2047828213445
2038,FIX,2467.367309743847
2039,FIX,2543.88974752142
2040,FIX,2615.892978425365
2041,FIX,2684.7568738081395
2042,FIX,2751.802073672653
2043,FIX,2815.5006106227697
2044,FIX,2871.4814045149515
2045,FIX,2920.446552559068
2046,FIX,2967.210841877179
2047,FIX,3011.7127458598447
2048,FIX,3044.1921746051785
2049,FIX,3064.201402943511
2050,FIX,3075.1531601025254
2021,FIX,1114.10583
