YEAR,CostType,VALUE
2022,CAP,5059.2704143400015
2023,CAP,5103.4509888499915
2024,CAP,5140.684069880001
2025,CAP,5223.252975228001
2026,CAP,5407.986389003
2027,CAP,5451.820259010001
2028,CAP,5500.29290252287
2029,CAP,5634.256635784075
2030,CAP,5698.702047481533
2031,CAP,5747.225759674001
2032,CAP,5794.689147244984
2033,CAP,5880.235366188261
2034,CAP,7687.38188855973
2035,CAP,7938.726455140972
2036,CAP,8003.312261929032
2037,CAP,8219.955025056528
2038,CAP,8836.25315282414
2039,CAP,11352.766817840286
2040,CAP,11421.642309117407
2041,CAP,10480.819849134574
2042,CAP,12252.937973037822
2043,CAP,12339.709779119841
2044,CAP,12467.09032469184
2045,CAP,12567.210420339887
2046,CAP,12519.877791121242
2047,CAP,13097.883174608016
2048,CAP,13165.30567210101
2049,CAP,14859.160003269415
2050,CAP,14553.531401516771
2021,CAP,2.6564279999985607
2022,FIX,1184.4205218599998
2023,FIX,1255.8234077039997
2024,FIX,1327.6220926439996
2025,FIX,1401.5098049859998
2026,FIX,1479.3099340799997
2027,FIX,1558.3824968099998
2028,FIX,1638.5880694272992
2029,FIX,1721.9461748183567
2030,FIX,1806.6904994980555
2031,FIX,1886.9677006330553
2032,FIX,1967.5014689839613
2033,FIX,2049.9702085699496
2034,FIX,2138.536949357529
2035,FIX,2227.532869621791
2036,FIX,2315.3411526737505
2037,FIX,2403.7782390618577
2038,FIX,2493.5489493139894
2039,FIX,2584.5818899814626
2040,FIX,2672.6103112264304
2041,FIX,2759.0027868503307
2042,FIX,2847.1394392893044
2043,FIX,2931.703172711207
2044,FIX,3011.1217897215092
2045,FIX,3086.3652651224124
2046,FIX,3156.5559248243035
2047,FIX,3223.115455753419
2048,FIX,3283.777398210533
2049,FIX,3401.347640308567
2050,FIX,3501.2032725827344
2021,FIX,1114.10583
