YEAR,CostType,VALUE
2046,CAP,4961.436408000194
2047,CAP,2782.7906615932716
2048,CAP,2692.9637208859226
2049,CAP,3066.2623285687573
2050,CAP,3060.2404570381286
2051,CAP,3635.254622340499
2052,CAP,6650.007517389166
2053,CAP,7759.879006661704
2054,CAP,8178.244792253344
2055,CAP,8463.827389590248
2022,CAP,4391.081874041194
2023,CAP,3708.2625899115314
2024,CAP,3863.84273660682
2025,CAP,4033.0285563444236
2026,CAP,2844.1412659515318
2027,CAP,2671.0159336160064
2028,CAP,2862.4394242911
2029,CAP,3057.4415238579336
2030,CAP,3817.8132712250144
2031,CAP,3477.0036517675967
2032,CAP,1118.0052714514484
2033,CAP,1096.838096116435
2034,CAP,1312.6673494175361
2035,CAP,1341.7677047617892
2036,CAP,1258.3532474770184
2037,CAP,4166.653048409221
2038,CAP,5315.06115065142
2039,CAP,5198.503771684018
2040,CAP,5370.018202587268
2041,CAP,4119.830346744799
2042,CAP,3614.2975209452543
2043,CAP,3872.6523439812845
2044,CAP,4059.9425884061525
2045,CAP,4721.019810737255
2021,CAP,9.273558974359329
2046,FIX,998.167068794861
2047,FIX,1023.8591398447443
2048,FIX,1050.7482910658412
2049,FIX,1069.3141276216263
2050,FIX,1097.3212188600585
2051,FIX,1134.4658442411996
2052,FIX,1168.418306500593
2053,FIX,1203.7863136851058
2054,FIX,1240.7934556773118
2055,FIX,1280.4094415058314
2021,FIX,756.6302112820513
2022,FIX,743.929448959871
2023,FIX,747.5134659188608
2024,FIX,787.3282925969206
2025,FIX,817.8251153070504
2026,FIX,818.0829957317229
2027,FIX,809.3300142661255
2028,FIX,805.7141197371716
2029,FIX,797.2798227081397
2030,FIX,794.553500668967
2031,FIX,788.5629716786091
2032,FIX,804.0856022393675
2033,FIX,818.0770064979627
2034,FIX,837.972867662685
2035,FIX,858.0794846011134
2036,FIX,878.9247529469776
2037,FIX,886.2494903024104
2038,FIX,883.1286705010102
2039,FIX,876.2438111670971
2040,FIX,868.5964921216065
2041,FIX,884.4389441215691
2042,FIX,904.7518275971181
2043,FIX,922.7629637380846
2044,FIX,947.2307329765787
2045,FIX,975.651194582777
