YEAR,CostType,VALUE
2023,CAP,4657.486427950995
2024,CAP,4686.314006356002
2025,CAP,4762.560646732002
2026,CAP,5057.104236452998
2027,CAP,4971.716492390006
2028,CAP,4901.068573254528
2029,CAP,4916.677540869901
2030,CAP,4883.875897447513
2031,CAP,4837.782562962006
2032,CAP,4783.8700154202415
2033,CAP,4861.429195973863
2034,CAP,4930.47449573061
2035,CAP,5332.277235843503
2036,CAP,5624.528656565266
2037,CAP,5305.973668988901
2038,CAP,5856.604241291258
2039,CAP,5790.213094480017
2040,CAP,6306.413478367857
2041,CAP,5540.862573693104
2042,CAP,6669.948571902404
2043,CAP,6110.2949197387225
2044,CAP,6064.057384625221
2045,CAP,6067.555849095716
2046,CAP,5692.346018611409
2047,CAP,6133.403073556365
2048,CAP,6062.40083307099
2049,CAP,6219.041201290004
2050,CAP,6177.511461864613
2022,CAP,3902.4540900000025
2021,CAP,2.656427999999145
2023,FIX,1234.8046133479997
2024,FIX,1297.5979450559998
2025,FIX,1362.3600901540003
2026,FIX,1383.0054145
2027,FIX,1410.9190356980002
2028,FIX,1443.8148300707962
2029,FIX,1482.2217019249183
2030,FIX,1523.7678302703175
2031,FIX,1564.1325777263824
2032,FIX,1605.017335284684
2033,FIX,1649.473077401603
2034,FIX,1694.790288810976
2035,FIX,1739.0612093524178
2036,FIX,1782.6879713568196
2037,FIX,1826.1186209640334
2038,FIX,1869.7252524516919
2039,FIX,1912.1491461354435
2040,FIX,1953.4902736153579
2041,FIX,1997.6976358851057
2042,FIX,2041.8360753810227
2043,FIX,2088.411968792769
2044,FIX,2132.664883621375
2045,FIX,2178.0631820432436
2046,FIX,2217.99330298659
2047,FIX,2261.704899799419
2048,FIX,2302.8490283594147
2049,FIX,2345.8042876453337
2050,FIX,2387.145268531758
2021,FIX,1114.10583
2022,FIX,1172.243794
