YEAR,CostType,VALUE
2023,CAP,4359.42916783203
2024,CAP,5140.626849880001
2025,CAP,5223.2529752280025
2026,CAP,5130.823764857998
2027,CAP,5042.06274989
2028,CAP,4971.743290174536
2029,CAP,4981.115811929786
2030,CAP,4949.623612475997
2031,CAP,6581.264343170013
2032,CAP,6437.773977134235
2033,CAP,6697.588967115233
2034,CAP,6551.983448728293
2035,CAP,6412.480483585356
2036,CAP,6280.846703573452
2037,CAP,6156.269820355779
2038,CAP,6058.793458157275
2039,CAP,5946.197578020005
2040,CAP,6099.481912872526
2041,CAP,5333.722101585137
2042,CAP,6306.9540106563845
2043,CAP,5959.098438968926
2044,CAP,5601.562818625216
2045,CAP,5575.3205880957175
2046,CAP,5261.205156748415
2047,CAP,5696.457716692377
2048,CAP,6691.825280444591
2049,CAP,10128.634929086304
2050,CAP,13579.517602024149
2022,CAP,3903.5121800000006
2021,CAP,2.6564279999991323
2023,FIX,1234.9760579358954
2024,FIX,1307.1129722106386
2025,FIX,1381.340053887382
2026,FIX,1403.660772139705
2027,FIX,1433.072439919045
2028,FIX,1467.4418820098144
2029,FIX,1507.1476074130328
2030,FIX,1549.6792179744427
2031,FIX,1592.7135141721528
2032,FIX,1635.0890235682439
2033,FIX,1682.2756977441916
2034,FIX,1727.997145494335
2035,FIX,1772.4888804284217
2036,FIX,1814.9199085024088
2037,FIX,1856.5532578578436
2038,FIX,1897.5604356907493
2039,FIX,1936.6779444026802
2040,FIX,1974.234105245724
2041,FIX,2011.1605344718319
2042,FIX,2046.3784770550715
2043,FIX,2081.203590333216
2044,FIX,2114.824101398286
2045,FIX,2149.4264598015675
2046,FIX,2179.80866334087
2047,FIX,2214.309558284402
2048,FIX,2272.6331488766577
2049,FIX,2431.082834355087
2050,FIX,2691.813363691901
2021,FIX,1114.10583
2022,FIX,1172.2649339999998
