YEAR,CostType,VALUE
2026,CAP,4311.521215639998
2027,CAP,4144.336558460003
2028,CAP,4016.7399805999985
2029,CAP,3976.681077619997
2030,CAP,3912.387856328719
2031,CAP,3858.6592110733136
2032,CAP,5147.472207704537
2033,CAP,5010.3902621100415
2034,CAP,4879.958189382106
2035,CAP,4755.174959368044
2036,CAP,4644.116813312064
2037,CAP,4538.975641648594
2038,CAP,4452.016453027042
2039,CAP,4363.186918940688
2040,CAP,4261.399123444885
2041,CAP,3255.0480357760416
2042,CAP,4017.989171838158
2043,CAP,4414.882220632206
2044,CAP,4372.163834571272
2045,CAP,4431.320381993356
2046,CAP,3637.412906381761
2047,CAP,3965.574971228326
2048,CAP,3848.2414010666034
2049,CAP,4012.738471768557
2050,CAP,3869.2929971420126
2022,CAP,3902.454090000003
2023,CAP,3945.4214719999973
2024,CAP,3970.7786859999987
2025,CAP,4046.8107840000057
2021,CAP,2.656427999998563
2026,FIX,1319.8608432
2027,FIX,1309.6289850920002
2028,FIX,1312.9300767640002
2029,FIX,1326.0262850180002
2030,FIX,1345.0547816771245
2031,FIX,1367.8560140658117
2032,FIX,1403.4229033478484
2033,FIX,1439.991999426229
2034,FIX,1476.3892114347107
2035,FIX,1512.5038006281957
2036,FIX,1547.2303451884109
2037,FIX,1581.902772619028
2038,FIX,1616.1648643634735
2039,FIX,1649.455931916611
2040,FIX,1681.2315294374716
2041,FIX,1712.935757057136
2042,FIX,1743.9046720126703
2043,FIX,1773.4369361425006
2044,FIX,1802.721802306467
2045,FIX,1836.7295108363328
2046,FIX,1869.6461840201582
2047,FIX,1906.4372168905038
2048,FIX,1939.1842541172161
2049,FIX,1970.11347962019
2050,FIX,1995.816857397779
2021,FIX,1114.10583
2022,FIX,1172.243794
2023,FIX,1231.8023389999998
2024,FIX,1291.906473
2025,FIX,1354.4057190000003
