YEAR,CostType,VALUE
2022,CAP,4434.075329209507
2023,CAP,3708.2728059115307
2024,CAP,3863.8427366068195
2025,CAP,3916.97217145965
2026,CAP,2089.9072822324338
2027,CAP,2255.5440137651894
2028,CAP,2404.484308830441
2029,CAP,2107.5857818413865
2030,CAP,2448.6168415718557
2031,CAP,2889.237630227774
2032,CAP,1089.9489141463207
2033,CAP,1264.0386827839122
2034,CAP,1296.6180620995121
2035,CAP,1337.4274250752678
2036,CAP,1247.6644785018493
2037,CAP,4591.056057267572
2038,CAP,3970.673162023145
2039,CAP,5132.464989389138
2040,CAP,5431.447708246067
2041,CAP,3148.1369602661084
2042,CAP,3215.959397796549
2043,CAP,3280.4870474420563
2044,CAP,3175.3850751514015
2045,CAP,3429.9218540421307
2046,CAP,3835.5148268922867
2047,CAP,2399.6383376676486
2048,CAP,2529.7499814942
2049,CAP,2348.857147717158
2050,CAP,2740.8535125735675
2051,CAP,3165.549535937394
2052,CAP,6306.506808999799
2053,CAP,5921.22004563285
2054,CAP,7393.0833236336
2055,CAP,7765.647310598088
2021,CAP,9.273558974359329
2021,FIX,756.6302112820513
2022,FIX,741.7049108276962
2023,FIX,745.8467962559208
2024,FIX,785.6618526139803
2025,FIX,819.9867939360441
2026,FIX,806.5504364675998
2027,FIX,793.6891010745769
2028,FIX,776.709635846503
2029,FIX,754.6805588169866
2030,FIX,738.164774424424
2031,FIX,725.966389694463
2032,FIX,740.3452775449274
2033,FIX,758.5855687362586
2034,FIX,777.2841036286977
2035,FIX,796.4961733098453
2036,FIX,816.0422051805915
2037,FIX,827.1943150445148
2038,FIX,809.2563882441079
2039,FIX,797.5139409567213
2040,FIX,785.5395139723352
2041,FIX,802.4072532238256
2042,FIX,819.7930583258398
2043,FIX,842.7449934183629
2044,FIX,865.4045845373242
2045,FIX,889.8649786040476
2046,FIX,914.7354509621189
2047,FIX,940.5146716798602
2048,FIX,967.7679291092933
2049,FIX,979.7030219338151
2050,FIX,1008.4532636343985
2051,FIX,1043.0653190733985
2052,FIX,1079.1547856063792
2053,FIX,1116.7704701478172
2054,FIX,1155.7627782329096
2055,FIX,1197.3842140018946
