YEAR,CostType,VALUE
2022,CAP,4383.152987336339
2023,CAP,3708.27280591153
2024,CAP,3863.8427366068213
2025,CAP,3916.97217145965
2026,CAP,2089.899122033834
2027,CAP,2255.5358535665887
2028,CAP,2274.012998152277
2029,CAP,1975.298020852179
2030,CAP,2448.597313551092
2031,CAP,2889.2358852763005
2032,CAP,1089.9375463241568
2033,CAP,1264.0305225853065
2034,CAP,1296.598534078751
2035,CAP,1337.416057253105
2036,CAP,1247.6563183032463
2037,CAP,3421.960036775007
2038,CAP,5128.0776328573
2039,CAP,5132.464989389147
2040,CAP,5431.444500622503
2041,CAP,3148.1352153146295
2042,CAP,3215.9512375979493
2043,CAP,3280.4737855415137
2044,CAP,3175.3834793268347
2045,CAP,3429.9023260213626
2046,CAP,3835.5130819408137
2047,CAP,2399.626969845486
2048,CAP,2529.7418212956027
2049,CAP,2348.837619696394
2050,CAP,2740.842144751398
2051,CAP,3165.541375738796
2052,CAP,5306.535194921362
2053,CAP,6921.299487244575
2054,CAP,7393.083323633617
2055,CAP,7765.644102974517
2021,CAP,9.273558974359366
2021,FIX,756.6302112820513
2022,FIX,744.3410077810883
2023,FIX,747.8221999537082
2024,FIX,787.6372563117679
2025,FIX,821.9621976338316
2026,FIX,808.5247274872162
2027,FIX,795.6622794160221
2028,FIX,783.2579858305121
2029,FIX,766.1009792549787
2030,FIX,749.6604440327202
2031,FIX,737.56570390434
2032,FIX,752.0209536032796
2033,FIX,770.3640146496573
2034,FIX,789.1377987124008
2035,FIX,808.4262302420238
2036,FIX,828.0750319678167
2037,FIX,825.3996892581465
2038,FIX,819.4843378812344
2039,FIX,807.8457731270656
2040,FIX,795.9488206693258
2041,FIX,812.921317200568
2042,FIX,830.3850342024955
2043,FIX,848.2037280413117
2044,FIX,865.4045845373242
2045,FIX,889.8649786040476
2046,FIX,914.7354509621189
2047,FIX,940.5146716798602
2048,FIX,967.7679291092934
2049,FIX,979.7030219338153
2050,FIX,1008.4532636343984
2051,FIX,1043.0653190733985
2052,FIX,1079.1547856063792
2053,FIX,1116.7704701478174
2054,FIX,1155.7627782329098
2055,FIX,1197.384214001895
