YEAR,CostType,VALUE
2041,CAP,4868.384701231779
2042,CAP,4908.709679373593
2043,CAP,4945.375570650662
2044,CAP,4639.462425324862
2045,CAP,5041.410033804149
2046,CAP,5423.722927255701
2047,CAP,3058.3995079419824
2048,CAP,3179.1748022808742
2049,CAP,4164.424811171292
2050,CAP,9024.202800506875
2051,CAP,4020.904164935816
2052,CAP,6858.8264839212225
2053,CAP,5844.739772095167
2054,CAP,8010.598461606201
2055,CAP,9354.18521949244
2026,CAP,2270.3486015023745
2027,CAP,2436.359833494105
2028,CAP,2453.60631924403
2029,CAP,2156.409154667431
2030,CAP,2497.540374585667
2031,CAP,2937.9134690738683
2032,CAP,1138.62100053729
2033,CAP,1388.3921347525343
2034,CAP,1420.971287219214
2035,CAP,2318.5102805671995
2036,CAP,1912.6630121971484
2037,CAP,5565.884365189137
2038,CAP,4292.457688755848
2039,CAP,6259.5744909135765
2040,CAP,7334.549896040971
2023,CAP,3823.3429575260975
2024,CAP,4851.370357814917
2022,CAP,4587.931882839688
2025,CAP,4978.2607113907925
2021,CAP,9.27355897435918
2041,FIX,709.0247464465045
2042,FIX,720.949166395448
2043,FIX,733.2490619321759
2044,FIX,745.9826813758701
2045,FIX,758.8247378231454
2046,FIX,771.672857244743
2047,FIX,790.4419186516956
2048,FIX,759.6420714691285
2049,FIX,776.6334418268896
2050,FIX,845.321162331297
2051,FIX,872.6958224740918
2052,FIX,886.3914314347492
2053,FIX,899.3688074386778
2054,FIX,913.264792041635
2055,FIX,938.5473311613242
2026,FIX,739.986903437233
2027,FIX,720.2235530395883
2028,FIX,700.6852128346509
2029,FIX,676.130149437111
2030,FIX,657.1085294749197
2031,FIX,642.3173430769141
2032,FIX,654.1708702373559
2033,FIX,666.0721313001035
2034,FIX,678.5286638067496
2035,FIX,703.1530398912479
2036,FIX,719.4362501088901
2037,FIX,725.3397380522367
2038,FIX,694.4678636970516
2039,FIX,695.7911494074275
2040,FIX,697.4929910051789
2021,FIX,756.6302112820513
2022,FIX,736.0984087204849
2023,FIX,737.2755522481677
2024,FIX,752.6831104216832
2025,FIX,760.095808320985
