YEAR,CostType,VALUE
2023,CAP,3708.2728059115293
2024,CAP,3863.84273660682
2025,CAP,3916.9721714596494
2022,CAP,4480.975764957569
2026,CAP,2066.1633614176476
2027,CAP,2218.1374217066436
2028,CAP,2096.032317902849
2029,CAP,2227.578047353482
2030,CAP,2425.4433042674855
2031,CAP,2442.4644553001012
2032,CAP,1064.364209770074
2033,CAP,1223.638948832768
2034,CAP,1101.6887564243402
2035,CAP,1297.9581866284748
2036,CAP,1210.0390711188143
2038,CAP,3489.517571461819
2039,CAP,5217.747957167405
2040,CAP,5367.24814751392
2041,CAP,2879.6096693832583
2042,CAP,3120.7704129034737
2043,CAP,3037.6980364024994
2044,CAP,3217.1229639310063
2045,CAP,3329.633241119166
2046,CAP,3385.260523154991
2047,CAP,2099.301139920441
2048,CAP,1999.7032336748614
2049,CAP,1930.3765999200057
2050,CAP,2501.883266944066
2051,CAP,2806.1275618339573
2052,CAP,4284.161110980397
2053,CAP,4961.155484352155
2054,CAP,7195.927943861432
2055,CAP,7401.549367205152
2037,CAP,2873.852084910047
2021,CAP,9.273558974359366
2021,FIX,756.6302112820513
2022,FIX,739.2770158951308
2023,FIX,744.0274122528183
2024,FIX,783.8424686108781
2025,FIX,818.1674099329417
2026,FIX,803.848534289023
2027,FIX,789.6782364535047
2028,FIX,771.8929402609402
2029,FIX,752.6991010756686
2030,FIX,734.8320217529208
2031,FIX,716.9686092334201
2032,FIX,729.9529583597661
2033,FIX,746.2579761420504
2034,FIX,758.4210378581043
2035,FIX,775.4405459235782
2036,FIX,792.9354081234696
2037,FIX,786.3888561129174
2038,FIX,761.4819712287781
2039,FIX,752.1434783697142
2040,FIX,738.0698274371731
2041,FIX,746.6135812695594
2042,FIX,761.1739029927305
2043,FIX,775.8665654732606
2044,FIX,795.2393596466311
2045,FIX,816.565861034408
2046,FIX,838.1086690111241
2047,FIX,854.7977238179969
2048,FIX,874.5957444784108
2049,FIX,888.3288976446293
2050,FIX,913.0121737197419
2051,FIX,941.7645050066128
2052,FIX,965.2870440844831
2053,FIX,993.4810171541984
2054,FIX,1025.9607885315806
2055,FIX,1060.755474115441
