YEAR,CostType,VALUE
2041,CAP,3009.609262638022
2042,CAP,3208.55191989169
2043,CAP,3084.692778566467
2044,CAP,3198.445943148094
2045,CAP,3280.1106272167285
2046,CAP,3268.7326809697
2050,CAP,2301.3235063928455
2052,CAP,4267.526210732781
2053,CAP,4937.240562935094
2054,CAP,6663.5971651178925
2040,CAP,5344.045772320218
2023,CAP,3708.2523739115295
2024,CAP,3863.84273660682
2025,CAP,3916.97217145965
2022,CAP,4480.940008957568
2026,CAP,2089.1438014478713
2027,CAP,2329.3695218217413
2028,CAP,2200.07845110983
2029,CAP,2187.468533440488
2030,CAP,2377.6668298611035
2031,CAP,2386.5118126151588
2032,CAP,1029.9913067458274
2033,CAP,1183.5666543497878
2034,CAP,1055.2054208603959
2035,CAP,1243.8945480848924
2036,CAP,1148.7683612775058
2038,CAP,3278.7073846586272
2039,CAP,4761.956396163549
2047,CAP,1804.758903819353
2048,CAP,1947.4812580478829
2049,CAP,1760.4041857772452
2051,CAP,2549.609015151042
2055,CAP,6369.859392648975
2037,CAP,2741.3114150007877
2021,CAP,9.273558974359329
2041,FIX,698.8934967980005
2042,FIX,711.9648856552267
2043,FIX,724.8979119397545
2044,FIX,736.6564676895621
2045,FIX,749.571869078675
2046,FIX,762.4386890482989
2047,FIX,773.7466380655368
2048,FIX,782.8471423642785
2049,FIX,787.926408656049
2050,FIX,800.8809463938946
2051,FIX,820.2197489556502
2052,FIX,821.1644734724783
2053,FIX,824.3283618802325
2054,FIX,830.6319300684282
2055,FIX,862.1225827554574
2040,FIX,695.9441493998547
2021,FIX,756.6302112820513
2022,FIX,739.2766586151308
2023,FIX,744.0264937128184
2024,FIX,783.841090710878
2025,FIX,818.1655726729417
2026,FIX,802.4588453162912
2027,FIX,783.0196280270206
2028,FIX,759.5870683516107
2029,FIX,739.368001691567
2030,FIX,720.3359338656384
2031,FIX,701.1311157962385
2032,FIX,712.9502157223712
2033,FIX,727.9692748379318
2034,FIX,738.774421321216
2035,FIX,754.3212144323516
2036,FIX,770.2009271669351
2037,FIX,764.7598771175594
2038,FIX,737.2225507554491
2039,FIX,721.532285820907
