YEAR,CostType,VALUE
2022,CAP,3999.833616750002
2023,CAP,4657.486427950995
2024,CAP,4997.699201740758
2025,CAP,5223.2529752280025
2026,CAP,4617.340128101998
2027,CAP,4427.238669780006
2028,CAP,4284.326073776
2029,CAP,4249.454228399609
2030,CAP,5013.57996932662
2031,CAP,4816.784099856059
2032,CAP,4638.672965497086
2033,CAP,4528.414908598128
2034,CAP,4429.285181854744
2035,CAP,4314.000956716081
2036,CAP,4227.803904304995
2037,CAP,4185.130745694094
2038,CAP,4202.520983804415
2039,CAP,4166.447478254142
2040,CAP,4638.719180320034
2041,CAP,3690.401668260047
2042,CAP,4376.823442132996
2043,CAP,3754.372407897705
2044,CAP,3753.713853079413
2045,CAP,3683.3958586062545
2046,CAP,3378.129023703788
2047,CAP,3978.1777916785973
2048,CAP,4008.4665203885415
2049,CAP,3988.5501084868642
2050,CAP,3806.4493027312637
2021,CAP,2.656427999999145
2022,FIX,1174.24251325
2023,FIX,1236.801294848
2024,FIX,1305.9168488236878
2025,FIX,1380.0271414391252
2026,FIX,1317.4879457031252
2027,FIX,1300.7484243616252
2028,FIX,1305.1914217521253
2029,FIX,1322.9033051337433
2030,FIX,1349.8243055198648
2031,FIX,1376.3926964411276
2032,FIX,1403.8686592100044
2033,FIX,1433.3092486859557
2034,FIX,1463.2610169179688
2035,FIX,1493.1235111447565
2036,FIX,1522.2906110082463
2037,FIX,1552.360958000599
2038,FIX,1583.910513448288
2039,FIX,1615.4824529556267
2040,FIX,1645.948307205737
2041,FIX,1676.5628132959716
2042,FIX,1706.0926099235323
2043,FIX,1737.0046487108573
2044,FIX,1769.0478930204113
2045,FIX,1799.2041461221083
2046,FIX,1826.6289727199464
2047,FIX,1858.5195457006646
2048,FIX,1891.6640196196902
2049,FIX,1923.281460856274
2050,FIX,1964.0063392619174
2021,FIX,1114.10583
