YEAR,CostType,VALUE
2022,CAP,4002.1573809316696
2023,CAP,4712.331608134677
2024,CAP,5140.626849880002
2025,CAP,5223.2529752280025
2026,CAP,4692.542355025997
2027,CAP,4503.220534830005
2028,CAP,4363.502415879644
2029,CAP,5316.664897669402
2030,CAP,5090.330387141911
2031,CAP,4938.278346870455
2032,CAP,4805.866590807359
2033,CAP,4741.688003458561
2034,CAP,4628.375335673981
2035,CAP,4513.223134547285
2036,CAP,4412.68526550153
2037,CAP,4318.897842126642
2038,CAP,4243.3275605152585
2039,CAP,4169.364319354136
2040,CAP,4284.010184017001
2041,CAP,3690.4016682600322
2042,CAP,4376.823442132999
2043,CAP,4081.5555458074573
2044,CAP,3753.7138530794173
2045,CAP,3683.3958586062586
2046,CAP,3612.5344341837745
2047,CAP,3970.058294194301
2048,CAP,4042.8230493443416
2049,CAP,12834.32451311096
2050,CAP,13208.377127263782
2021,CAP,3.714517999998932
2022,FIX,1174.3102911973701
2023,FIX,1245.256944847688
2024,FIX,1317.4070788719287
2025,FIX,1391.647380298169
2026,FIX,1330.8075821265097
2027,FIX,1315.7304303579122
2028,FIX,1321.9526028457367
2029,FIX,1343.9484656104669
2030,FIX,1371.88425865311
2031,FIX,1399.2215510535593
2032,FIX,1428.1379894386
2033,FIX,1459.5304576141302
2034,FIX,1491.1434118781376
2035,FIX,1522.7074594846035
2036,FIX,1553.2697040283026
2037,FIX,1584.0712934844742
2038,FIX,1614.9316698643509
2039,FIX,1644.9827521863372
2040,FIX,1674.000888979681
2041,FIX,1703.216796294966
2042,FIX,1731.437977761317
2043,FIX,1759.8938073665563
2044,FIX,1790.6359020731925
2045,FIX,1819.567977016574
2046,FIX,1846.5558064980705
2047,FIX,1877.0778596183716
2048,FIX,1906.450833495659
2049,FIX,2205.867217132133
2050,FIX,2527.6009534191007
2021,FIX,1114.12697
