YEAR,CostType,VALUE
2026,CAP,4145.967964541995
2027,CAP,4205.585419580004
2028,CAP,4217.395683224002
2029,CAP,4322.056928691997
2030,CAP,4383.7266929903735
2031,CAP,4491.57520640208
2032,CAP,5044.356768260062
2033,CAP,5123.445171543186
2034,CAP,5192.657917893306
2035,CAP,5288.40869250029
2036,CAP,5330.66164302508
2037,CAP,5391.381774389212
2038,CAP,5501.078793421972
2039,CAP,5545.689450676441
2040,CAP,5635.070774845379
2041,CAP,4760.884003630052
2042,CAP,6011.71966199648
2043,CAP,6593.197520853415
2044,CAP,8771.673008032403
2045,CAP,8691.346756998837
2046,CAP,7486.899253533367
2047,CAP,7701.105438439994
2048,CAP,7477.830973291007
2049,CAP,7406.151926406212
2050,CAP,6860.353936239506
2022,CAP,3902.454090000002
2023,CAP,3945.4214719999973
2024,CAP,3970.7786859999987
2025,CAP,4046.8107840000057
2021,CAP,2.6564279999991474
2026,FIX,1404.66226886
2027,FIX,1456.7958984320003
2028,FIX,1508.9414345520001
2029,FIX,1563.5534351399997
2030,FIX,1619.7455987619355
2031,FIX,1678.5011395833496
2032,FIX,1747.9878272297628
2033,FIX,1819.0501827649396
2034,FIX,1891.0116198842536
2035,FIX,1965.0170800852657
2036,FIX,2038.3371332105912
2037,FIX,2113.183208373096
2038,FIX,2190.511563487589
2039,FIX,2267.941591969
2040,FIX,2347.1578911141496
2041,FIX,2429.756220244941
2042,FIX,2516.697369545728
2043,FIX,2611.094080538912
2044,FIX,2668.0063938134945
2045,FIX,2717.1756900521113
2046,FIX,2762.5693147276115
2047,FIX,2802.404547143611
2048,FIX,2829.393600179612
2049,FIX,2847.1133726237867
2050,FIX,2917.8806916270714
2021,FIX,1114.10583
2022,FIX,1172.243794
2023,FIX,1231.8023389999998
2024,FIX,1291.906473
2025,FIX,1354.4057190000003
