YEAR,CostType,VALUE
2022,CAP,3990.1328907500024
2023,CAP,4485.91996102399
2024,CAP,4842.760249623312
2025,CAP,5299.758304800003
2026,CAP,4742.118077453997
2027,CAP,4819.036083250007
2028,CAP,4832.009483450479
2029,CAP,4951.071573987991
2030,CAP,5030.150628232971
2031,CAP,7728.421605742005
2032,CAP,7769.81544939806
2033,CAP,8024.96612550432
2034,CAP,8498.461073635728
2035,CAP,8552.844593674063
2036,CAP,8520.840904337736
2037,CAP,8497.076958858059
2038,CAP,8528.295013924066
2039,CAP,8452.49874032
2040,CAP,8419.654220285162
2041,CAP,7678.1045376806505
2042,CAP,9659.032661734473
2043,CAP,9442.746502626425
2044,CAP,9027.996521894236
2045,CAP,8661.75644292034
2046,CAP,7849.409794394354
2047,CAP,11944.891856169223
2048,CAP,12639.318089788932
2049,CAP,9986.040823893112
2050,CAP,9794.88986355973
2021,CAP,4.959481999998303
2022,FIX,1174.0906412499999
2023,FIX,1244.6467064519998
2024,FIX,1316.4536588852645
2025,FIX,1392.4706096433529
2026,FIX,1454.4462101967647
2027,FIX,1518.6532753721763
2028,FIX,1582.860053578412
2029,FIX,1649.745830823689
2030,FIX,1718.3052718557315
2031,FIX,1786.8104452387906
2032,FIX,1852.0943946842626
2033,FIX,1918.5138951918723
2034,FIX,1986.8961413137777
2035,FIX,2053.3740306287336
2036,FIX,2114.86843353873
2037,FIX,2173.2735609066867
2038,FIX,2229.5941028387338
2039,FIX,2280.382276332368
2040,FIX,2327.11619042392
2041,FIX,2371.1698773444373
2042,FIX,2408.490806503949
2043,FIX,2443.7170276369493
2044,FIX,2469.215472978495
2045,FIX,2487.4805452956157
2046,FIX,2497.4205107768266
2047,FIX,2619.520861456892
2048,FIX,2711.963365728101
2049,FIX,2721.5029912154396
2050,FIX,2823.802703353242
2021,FIX,1114.15187
