YEAR,CostType,VALUE
2023,CAP,4094.0443448337523
2024,CAP,4793.111558037452
2025,CAP,5223.252975228003
2026,CAP,4758.612426393997
2027,CAP,4844.651027250005
2028,CAP,4886.335189360871
2029,CAP,5016.8172166684
2030,CAP,5109.429667642166
2031,CAP,8157.5989335819995
2032,CAP,8306.713236398075
2033,CAP,8448.037605774043
2034,CAP,9467.90849663574
2035,CAP,9683.44321267405
2036,CAP,9820.171978337758
2037,CAP,9978.756269858057
2038,CAP,10216.198393924038
2039,CAP,10352.304291320059
2040,CAP,10560.275196285129
2041,CAP,9973.907590048964
2042,CAP,13010.288095414493
2043,CAP,13131.940207388428
2044,CAP,13157.370781269261
2045,CAP,13146.978510095336
2046,CAP,12447.345745869878
2047,CAP,13285.05771922401
2048,CAP,19119.962598868442
2049,CAP,23067.439638573403
2050,CAP,22040.50904972718
2022,CAP,3905.587120000002
2021,CAP,2.656427999999145
2023,FIX,1234.903247895
2024,FIX,1306.6463072947502
2025,FIX,1381.0988508941368
2026,FIX,1443.8568055934093
2027,FIX,1509.1241138346822
2028,FIX,1575.2537224612222
2029,FIX,1644.4469086432186
2030,FIX,1715.6088551768719
2031,FIX,1791.080448299827
2032,FIX,1865.4183827451948
2033,FIX,1940.5339685039028
2034,FIX,2024.3936230036518
2035,FIX,2109.2375126837014
2036,FIX,2192.1634529587914
2037,FIX,2275.215870691841
2038,FIX,2359.6943402262314
2039,FIX,2442.3645437313003
2040,FIX,2525.0161611624453
2041,FIX,2607.2313229735555
2042,FIX,2694.2566839186607
2043,FIX,2779.746231973504
2044,FIX,2862.8270470522452
2045,FIX,2946.9372585144756
2046,FIX,3026.6198429386113
2047,FIX,3110.171650224611
2048,FIX,3262.189923971422
2049,FIX,3515.33108913548
2050,FIX,3723.6606982683825
2021,FIX,1114.10583
2022,FIX,1172.306434
