YEAR,CostType,VALUE
2041,CAP,3910.6456202650725
2042,CAP,3510.0660837305345
2043,CAP,3750.36767609608
2044,CAP,3924.5237713631886
2045,CAP,4667.038877642901
2046,CAP,4769.171128329656
2047,CAP,2556.8164712175194
2048,CAP,2347.3874818460426
2049,CAP,2745.942364269392
2050,CAP,3216.6813339711584
2052,CAP,6499.216425527176
2053,CAP,5788.06118439961
2054,CAP,6954.34342287982
2055,CAP,7199.095965959635
2034,CAP,1403.7379108542802
2035,CAP,1390.3083453304619
2036,CAP,1451.7333605551653
2037,CAP,5047.181241793524
2040,CAP,5541.243242819561
2023,CAP,3818.100239217156
2024,CAP,3978.050213145491
2025,CAP,4027.5366673037706
2022,CAP,4585.3586344006635
2026,CAP,2640.1618576329033
2027,CAP,2360.9952961600884
2028,CAP,2676.140753588432
2029,CAP,2707.889450995619
2030,CAP,3426.585269645168
2031,CAP,3137.495357094075
2032,CAP,919.3558148762351
2033,CAP,903.5125631041716
2038,CAP,3856.5817567708236
2039,CAP,4780.610785839707
2051,CAP,2838.8590600850416
2021,CAP,9.273558974359329
2041,FIX,766.6579541736157
2042,FIX,780.5986672415954
2043,FIX,794.293829472524
2044,FIX,807.5016218350968
2045,FIX,819.9424367481919
2046,FIX,825.599093920069
2047,FIX,839.329803363456
2048,FIX,840.8884777057361
2049,FIX,847.5804272847824
2050,FIX,867.9582599898592
2051,FIX,888.1361848565633
2052,FIX,903.5510390248577
2053,FIX,931.1678339470889
2054,FIX,960.2978081988849
2055,FIX,1000.1592864089998
2034,FIX,752.9892114129433
2035,FIX,767.5026836782882
2036,FIX,784.5392855064675
2037,FIX,796.7482592135374
2038,FIX,780.9092599850476
2039,FIX,771.6770248471363
2040,FIX,752.0011530263454
2021,FIX,756.6302112820513
2022,FIX,736.0726963868264
2023,FIX,737.1717617918263
2024,FIX,772.9671664009584
2025,FIX,803.2079548341777
2026,FIX,787.9423977176425
2027,FIX,768.8037299781224
2028,FIX,752.8402462403136
2029,FIX,737.7891723949954
2030,FIX,728.9724622457991
2031,FIX,717.3053271364014
2032,FIX,728.9157489697897
2033,FIX,738.8659082388177
