YEAR,CostType,VALUE
2041,CAP,5518.946029810833
2042,CAP,5065.045537347454
2043,CAP,5388.09657279194
2044,CAP,5636.8479101196635
2045,CAP,6353.555841549433
2046,CAP,6045.019743267212
2047,CAP,3261.3047899719477
2048,CAP,3028.67921376734
2049,CAP,4863.854356608626
2050,CAP,8951.301108432654
2051,CAP,4646.892175399207
2052,CAP,7697.711859960952
2053,CAP,6393.006831941496
2054,CAP,9317.177599857114
2055,CAP,10101.917891389601
2025,CAP,5027.3093204694
2026,CAP,2698.8752030742667
2027,CAP,2423.7860070857714
2028,CAP,2754.4022708538696
2029,CAP,2804.184518720908
2030,CAP,3560.023163236304
2031,CAP,3273.653734261954
2032,CAP,985.6972104661515
2033,CAP,1074.2854571709045
2034,CAP,3191.4845930117795
2035,CAP,2260.177799145433
2036,CAP,2074.880770156475
2037,CAP,5434.494294555523
2038,CAP,4199.199603250119
2039,CAP,6986.3811234379045
2040,CAP,7452.081042238106
2023,CAP,3823.342957526099
2024,CAP,3986.1011686576835
2022,CAP,4587.931882839688
2021,CAP,9.273558974359329
2041,FIX,735.6650981162487
2042,FIX,748.6666354773683
2043,FIX,761.8684563229941
2044,FIX,775.4607470957877
2045,FIX,791.4262447848942
2046,FIX,806.6261652610151
2047,FIX,827.5247985830636
2048,FIX,791.6758450263341
2049,FIX,806.8911338925141
2050,FIX,879.0073761403073
2051,FIX,910.9798849316729
2052,FIX,944.7495070595099
2053,FIX,964.7235153149059
2054,FIX,986.6237387707955
2055,FIX,1018.053815035683
2025,FIX,778.2835510039469
2026,FIX,761.9103222211088
2027,FIX,741.8040622724784
2028,FIX,725.114619819013
2029,FIX,709.6362072030951
2030,FIX,701.0162574069233
2031,FIX,689.7425511557151
2032,FIX,700.9675197045586
2033,FIX,706.8314232437017
2034,FIX,731.8624104991687
2035,FIX,751.9446394616232
2036,FIX,769.9388219493657
2037,FIX,764.3912191950635
2038,FIX,731.7618998650017
2039,FIX,718.8450473960426
2040,FIX,722.0673166061932
2021,FIX,756.6302112820513
2022,FIX,736.0984087204849
2023,FIX,737.2755522481677
2024,FIX,773.2032982566493
