YEAR,CostType,VALUE
2023,CAP,4346.428465705356
2024,CAP,4587.174753856001
2025,CAP,4663.471875231995
2026,CAP,3858.8804046710097
2027,CAP,3767.581306750002
2028,CAP,3891.7509455483805
2029,CAP,3918.135174175679
2030,CAP,3922.1090949791774
2031,CAP,3690.665364597552
2032,CAP,3818.4237557829
2033,CAP,4185.178974128967
2034,CAP,4064.888338170598
2035,CAP,4031.1662192202625
2036,CAP,4330.473751868137
2037,CAP,4254.835417803543
2038,CAP,4225.598589696889
2039,CAP,4135.033221119984
2040,CAP,4450.718137398057
2041,CAP,3630.692921314707
2042,CAP,4528.894839428768
2043,CAP,4025.882819984731
2044,CAP,3806.3256456398312
2045,CAP,3870.2062526368763
2046,CAP,3389.4855568608764
2047,CAP,3914.8932015065952
2048,CAP,3847.7988733874563
2049,CAP,3871.522876966961
2050,CAP,3994.4216673699766
2022,CAP,3902.4540900000025
2021,CAP,2.656427999999145
2023,FIX,1232.492564863233
2024,FIX,1293.3308202431508
2025,FIX,1356.1418827630687
2026,FIX,1310.0821481527396
2027,FIX,1291.446142741644
2028,FIX,1291.8456009574797
2029,FIX,1303.852548074768
2030,FIX,1323.1739908895247
2031,FIX,1341.7126422938586
2032,FIX,1365.8737662620363
2033,FIX,1387.0821090746617
2034,FIX,1408.4225651026131
2035,FIX,1431.8301533130548
2036,FIX,1462.3785144912422
2037,FIX,1493.251198297905
2038,FIX,1524.9543072705933
2039,FIX,1555.0494405941713
2040,FIX,1585.3381185823227
2041,FIX,1614.9544092267906
2042,FIX,1645.538055060792
2043,FIX,1676.9357801458655
2044,FIX,1708.377117587181
2045,FIX,1741.072043454355
2046,FIX,1769.9045684025348
2047,FIX,1813.5180446530353
2048,FIX,1854.1358267883384
2049,FIX,1894.0566061872587
2050,FIX,1930.0293512066087
2021,FIX,1114.10583
2022,FIX,1172.243794
