YEAR,CostType,VALUE
2023,CAP,4301.486625433984
2024,CAP,4686.314006356001
2025,CAP,5223.2529752280025
2026,CAP,4040.3054773999957
2027,CAP,3924.769369620008
2028,CAP,3787.403725615999
2029,CAP,3784.188733144115
2030,CAP,4333.511946091839
2031,CAP,4231.552599010891
2032,CAP,4055.2392189124716
2033,CAP,3967.0003684304593
2034,CAP,3878.430536835119
2035,CAP,3818.260156963762
2036,CAP,3720.5896715748822
2037,CAP,3716.87432860184
2038,CAP,3728.860921551868
2039,CAP,3634.081167359314
2040,CAP,3786.636110760449
2041,CAP,3107.065477666644
2042,CAP,3807.441844734256
2043,CAP,3406.908835946104
2044,CAP,3127.3390410951115
2045,CAP,3076.3391134859185
2046,CAP,2694.661672243606
2047,CAP,3147.561231824676
2048,CAP,3068.01813216614
2049,CAP,3071.609994438046
2050,CAP,3087.373518612625
2022,CAP,3902.4540900000025
2021,CAP,2.656427999999145
2023,FIX,1234.1918552792877
2024,FIX,1297.1100101290685
2025,FIX,1371.3508639128495
2026,FIX,1295.305424609178
2027,FIX,1268.2803459511508
2028,FIX,1262.7971501867673
2029,FIX,1271.3365529711575
2030,FIX,1288.0146366874383
2031,FIX,1306.6678084879522
2032,FIX,1325.6762438256314
2033,FIX,1346.803180180092
2034,FIX,1368.4507212216513
2035,FIX,1391.1926065136336
2036,FIX,1412.5707984458882
2037,FIX,1435.271701438542
2038,FIX,1459.8237812763914
2039,FIX,1482.8788955449209
2040,FIX,1505.4258052891396
2041,FIX,1527.5103874132597
2042,FIX,1549.6627041504044
2043,FIX,1571.9805473199895
2044,FIX,1599.9580141370384
2045,FIX,1625.7986205352554
2046,FIX,1648.7325612900368
2047,FIX,1676.4858232685044
2048,FIX,1701.1688829864463
2049,FIX,1725.5805894576565
2050,FIX,1755.2863295024363
2021,FIX,1114.10583
2022,FIX,1172.243794
