YEAR,CostType,VALUE
2044,CAP,3324.3607559448415
2045,CAP,3452.416632154188
2046,CAP,4207.555741799383
2048,CAP,2158.8179219271447
2049,CAP,1966.0779173368328
2050,CAP,3541.748428429475
2051,CAP,2351.2377724741664
2052,CAP,4060.204365107986
2053,CAP,5332.835865285326
2054,CAP,6647.689463729056
2055,CAP,7529.009554905429
2023,CAP,3708.2728059115266
2024,CAP,3863.842736606824
2025,CAP,4653.584681609049
2022,CAP,4480.9757649575695
2026,CAP,1879.965751809621
2027,CAP,2033.8367607440741
2028,CAP,2034.8860285153037
2029,CAP,2031.0187954187236
2030,CAP,2230.7545807813017
2031,CAP,2250.0983015308675
2032,CAP,874.11845135686
2033,CAP,1036.9508246200587
2034,CAP,934.2069670660429
2035,CAP,1106.2036160295243
2036,CAP,1026.5813649582835
2038,CAP,3316.183965708987
2039,CAP,4279.109645212899
2040,CAP,5203.131740330803
2041,CAP,2580.67303844973
2042,CAP,2819.779752932312
2043,CAP,2743.7985020821793
2047,CAP,1991.881925430988
2037,CAP,2909.7412926573243
2021,CAP,9.273558974359329
2044,FIX,733.7992834749992
2045,FIX,750.855986781928
2046,FIX,764.2603394778849
2047,FIX,778.6085395258103
2048,FIX,787.2403591459845
2049,FIX,797.0190080889593
2050,FIX,823.2702644344556
2051,FIX,839.7501643972984
2052,FIX,849.1299282027492
2053,FIX,875.6659445054132
2054,FIX,903.2755272463578
2055,FIX,933.1744814715988
2021,FIX,756.6302112820513
2022,FIX,739.2770158951308
2023,FIX,744.0274122528182
2024,FIX,783.8424686108781
2025,FIX,800.1259562571817
2026,FIX,781.631166639954
2027,FIX,763.3339548133939
2028,FIX,737.307758926835
2029,FIX,714.6701716535035
2030,FIX,693.4240424283273
2031,FIX,672.2574076607335
2032,FIX,682.3362055323335
2033,FIX,695.5761276482722
2034,FIX,705.2418462613804
2035,FIX,719.0892519627439
2036,FIX,733.6443720732995
2037,FIX,726.4325011385487
2038,FIX,698.9027725999291
2039,FIX,678.91501709339
2040,FIX,680.72217700838
2041,FIX,687.6721349991863
2042,FIX,700.5048146528836
2043,FIX,718.3603203831301
