YEAR,CostType,VALUE
2023,CAP,4211.45543922293
2024,CAP,4587.174753856
2025,CAP,4760.418724585124
2026,CAP,3668.796390011972
2027,CAP,3595.290679290001
2028,CAP,3466.4087668560005
2029,CAP,3615.5143390673006
2030,CAP,3609.588052050669
2031,CAP,3406.6361650808067
2032,CAP,3737.0100774864613
2033,CAP,3679.5759245407376
2034,CAP,3617.320951433099
2035,CAP,3587.5056169830423
2036,CAP,3516.5550705360065
2037,CAP,3794.130997877456
2038,CAP,3781.842353322654
2039,CAP,3695.8473582593197
2040,CAP,3898.4346000550813
2041,CAP,3264.172529308659
2042,CAP,4067.0560642365763
2043,CAP,3656.04918840443
2044,CAP,3349.8175814791057
2045,CAP,3323.710308507922
2046,CAP,2920.8082960916
2047,CAP,3302.533446219069
2048,CAP,3391.591349835024
2049,CAP,3650.258163336048
2050,CAP,3611.880396463323
2022,CAP,3902.4540900000025
2021,CAP,2.656427999999145
2023,FIX,1232.2602450404383
2024,FIX,1293.1458256073424
2025,FIX,1357.9912474658092
2026,FIX,1274.559837756758
2027,FIX,1241.0518087774612
2028,FIX,1229.2999421752788
2029,FIX,1234.8126764548522
2030,FIX,1248.818891179335
2031,FIX,1261.6945803100448
2032,FIX,1277.1843784904627
2033,FIX,1295.4926612498698
2034,FIX,1315.2463651975131
2035,FIX,1337.0170479153255
2036,FIX,1358.2798280378377
2037,FIX,1387.3723177248455
2038,FIX,1417.8012961778381
2039,FIX,1446.7842879051775
2040,FIX,1475.6819438639304
2041,FIX,1504.3302970527852
2042,FIX,1534.0442055829676
2043,FIX,1564.1018562246204
2044,FIX,1595.7447696281906
2045,FIX,1626.4043915902957
2046,FIX,1654.4317873239197
2047,FIX,1686.350513647858
2048,FIX,1719.2837518005583
2049,FIX,1755.9883213755888
2050,FIX,1799.5439670781736
2021,FIX,1114.10583
2022,FIX,1172.243794
