YEAR,CostType,VALUE
2026,CAP,3577.616440490001
2027,CAP,3585.8274541799988
2028,CAP,3653.2128005679997
2029,CAP,3776.4688447779954
2030,CAP,3815.119821875578
2031,CAP,3898.4301312829784
2032,CAP,4483.699914875998
2033,CAP,4542.104380225443
2034,CAP,4656.946192309995
2035,CAP,4701.363102354006
2036,CAP,4804.076173768
2037,CAP,4881.87722707998
2038,CAP,4944.006421910015
2039,CAP,5055.275225199999
2040,CAP,5120.5689108308015
2041,CAP,4307.644422412576
2042,CAP,5508.890229037016
2043,CAP,5997.255533686024
2044,CAP,8083.7282204118565
2045,CAP,8012.630517842686
2046,CAP,6417.85599408401
2047,CAP,6769.547873703691
2048,CAP,6570.241934276668
2049,CAP,6544.829953276579
2050,CAP,6149.043763787247
2022,CAP,3902.454090000003
2023,CAP,3945.4214719999973
2024,CAP,3970.7786859999987
2025,CAP,4046.8107840000057
2021,CAP,2.656427999998563
2026,FIX,1391.1617057
2027,FIX,1428.217618696
2028,FIX,1466.899803288
2029,FIX,1508.5651999499999
2030,FIX,1551.0829983028002
2031,FIX,1595.3581806069078
2032,FIX,1651.5877777729079
2033,FIX,1708.8146230799998
2034,FIX,1768.2901206709996
2035,FIX,1828.2331522089999
2036,FIX,1889.2897470549997
2037,FIX,1952.3473019949997
2038,FIX,2016.4923321599997
2039,FIX,2082.73214131
2040,FIX,2149.9747480229344
2041,FIX,2222.4800394226795
2042,FIX,2297.832922790534
2043,FIX,2380.0898007083883
2044,FIX,2429.9110860354367
2045,FIX,2472.01497043833
2046,FIX,2513.6296822223303
2047,FIX,2553.42775173697
2048,FIX,2580.83304345301
2049,FIX,2599.4599477468446
2050,FIX,2666.1464187254687
2021,FIX,1114.10583
2022,FIX,1172.243794
2023,FIX,1231.8023389999998
2024,FIX,1291.906473
2025,FIX,1354.4057190000003
