YEAR,CostType,VALUE
2041,CAP,5993.92359064135
2042,CAP,6134.00826076739
2043,CAP,6246.590163868423
2044,CAP,6355.285428081982
2045,CAP,6620.430195755531
2046,CAP,7247.820085052834
2047,CAP,4826.159446898407
2048,CAP,4985.962536357876
2049,CAP,5163.597299284512
2050,CAP,5545.207527073817
2051,CAP,5490.651163411484
2052,CAP,9238.125408850416
2053,CAP,9857.06003874555
2054,CAP,10093.25729757708
2055,CAP,10541.515379388382
2030,CAP,3537.531556141327
2031,CAP,3633.020505415753
2032,CAP,1588.5480431280996
2033,CAP,2052.391544923914
2034,CAP,2192.0084138028496
2035,CAP,2404.3312550036285
2036,CAP,2396.4832083021083
2037,CAP,5677.508042525811
2038,CAP,6046.715124545343
2039,CAP,6204.89754317953
2040,CAP,6801.560026553558
2022,CAP,4071.190907725139
2023,CAP,3818.100239217159
2024,CAP,3978.050213145491
2025,CAP,4027.5366673037724
2026,CAP,3091.9412484762843
2027,CAP,3304.1639662433504
2028,CAP,3372.0127026600144
2029,CAP,3268.483062842442
2021,CAP,9.273558974359329
2041,FIX,1023.0907503171202
2042,FIX,1027.1776063637167
2043,FIX,1030.7496983108388
2044,FIX,1032.7585879901724
2045,FIX,1033.5998106339775
2046,FIX,1026.0240713213122
2047,FIX,1053.739807481599
2048,FIX,1067.6570324703764
2049,FIX,1087.9712360991907
2050,FIX,1122.386530241107
2051,FIX,1166.3945693691742
2052,FIX,1196.2831514900713
2053,FIX,1228.756082199761
2054,FIX,1284.5387780496062
2055,FIX,1350.5048749947357
2030,FIX,898.1878469906848
2031,FIX,917.6483419710013
2032,FIX,934.3838592987679
2033,FIX,953.9491817669727
2034,FIX,974.5158843824433
2035,FIX,997.3945773993895
2036,FIX,1020.980353556327
2037,FIX,1023.8394984783093
2038,FIX,1025.7216953647269
2039,FIX,1026.4130214676393
2040,FIX,1018.4771144349542
2021,FIX,756.6302112820513
2022,FIX,762.6896179180039
2023,FIX,757.1176007143082
2024,FIX,792.9130053234403
2025,FIX,823.1537937566596
2026,FIX,834.8738013219297
2027,FIX,848.4034906670786
2028,FIX,863.6477950691807
2029,FIX,879.6667977261453
