YEAR,CostType,VALUE
2047,CAP,5099.952379140682
2048,CAP,5343.634374003729
2049,CAP,5609.971175460811
2050,CAP,5892.994431339726
2051,CAP,6270.595252831041
2052,CAP,10031.634263574988
2053,CAP,10738.399717444281
2054,CAP,11604.652009976564
2055,CAP,12134.368936089706
2022,CAP,3966.7901602820452
2023,CAP,3708.2625899115324
2024,CAP,3863.842736606821
2025,CAP,3916.9721714596494
2026,CAP,3014.78955214577
2027,CAP,3230.7448995986
2028,CAP,3383.408440111722
2029,CAP,3282.8058818542177
2030,CAP,3542.401875518062
2031,CAP,3622.067396486156
2032,CAP,1350.0692487290262
2033,CAP,1581.9400968382909
2034,CAP,1686.944375942337
2035,CAP,1806.8529459839085
2036,CAP,1790.2084733177635
2037,CAP,4950.271763284882
2038,CAP,5353.9267857734
2039,CAP,5559.652135778857
2040,CAP,6500.730949683175
2041,CAP,5728.829730003658
2042,CAP,5927.744064989413
2043,CAP,6111.4151371973785
2044,CAP,6287.835555293417
2045,CAP,6545.726566538732
2046,CAP,6742.772330265054
2021,CAP,9.273558974359366
2047,FIX,1403.5857124384138
2048,FIX,1441.1835906448625
2049,FIX,1471.103715125711
2050,FIX,1510.1744416879842
2051,FIX,1555.4084045552909
2052,FIX,1574.581868627222
2053,FIX,1593.8446750470289
2054,FIX,1614.2314680039376
2055,FIX,1683.8257082425903
2021,FIX,756.6302112820513
2022,FIX,765.8937587863084
2023,FIX,763.9727918153003
2024,FIX,803.78761849336
2025,FIX,838.1123303154237
2026,FIX,853.0965247682842
2027,FIX,870.0991618888971
2028,FIX,885.9174772666717
2029,FIX,902.5045931126655
2030,FIX,922.2525671576586
2031,FIX,943.9807748269147
2032,FIX,971.6929487456628
2033,FIX,1004.7313961436633
2034,FIX,1040.3191675517646
2035,FIX,1078.8152087663354
2036,FIX,1119.988456593659
2037,FIX,1160.2067446970423
2038,FIX,1203.842646491246
2039,FIX,1249.9740817591282
2040,FIX,1250.9898306513833
2041,FIX,1265.5319743917923
2042,FIX,1280.9537006143037
2043,FIX,1300.8738196317881
2044,FIX,1321.2424963112421
2045,FIX,1343.5375157507467
2046,FIX,1366.9834654979945
