YEAR,CostType,VALUE
2046,CAP,4203.868817863338
2047,CAP,2201.300338847106
2048,CAP,2134.440560048579
2049,CAP,2485.105651159573
2050,CAP,2520.3541530593693
2051,CAP,3007.871547116604
2052,CAP,5474.139635653845
2053,CAP,7053.762998418486
2054,CAP,7521.711584282249
2055,CAP,7811.3088028198845
2022,CAP,3966.7901602820452
2023,CAP,3708.2625899115333
2024,CAP,3863.8427366068204
2025,CAP,4025.0946971380113
2026,CAP,2024.825692123212
2028,CAP,2168.8233296280014
2029,CAP,2222.6042498301867
2030,CAP,2797.761797334517
2027,CAP,1994.053597245745
2031,CAP,2893.94717939513
2032,CAP,746.1813080147398
2033,CAP,742.2246780551474
2034,CAP,952.8612360739447
2035,CAP,989.7462408548768
2036,CAP,910.815185803069
2037,CAP,3118.8420771682277
2038,CAP,4871.772118923245
2039,CAP,4819.096795166129
2040,CAP,5002.665429729862
2041,CAP,2951.4391685939577
2042,CAP,2679.3012814535496
2043,CAP,2934.3338680292864
2044,CAP,3251.4216686922055
2045,CAP,3891.556715573675
2021,CAP,9.273558974359329
2046,FIX,849.3181893623878
2047,FIX,871.4804184774604
2048,FIX,894.9204734335839
2049,FIX,912.1713405345167
2050,FIX,937.1503435579565
2051,FIX,969.5687530249721
2052,FIX,998.8490646596771
2053,FIX,1029.6101836139908
2054,FIX,1062.0567342930692
2055,FIX,1097.0887661926454
2021,FIX,756.6302112820513
2022,FIX,765.8937587863084
2023,FIX,763.9727918153003
2024,FIX,803.78761849336
2025,FIX,834.5461237753017
2026,FIX,815.9433928492298
2027,FIX,792.3019198169815
2028,FIX,773.3279078864299
2029,FIX,759.4157956444109
2030,FIX,757.4940904625839
2031,FIX,743.184692317172
2032,FIX,753.1352997066238
2033,FIX,761.4559145428486
2034,FIX,775.4679717514721
2035,FIX,789.9180048080198
2036,FIX,805.2225440415455
2037,FIX,782.4268611600214
2038,FIX,772.9008754951626
2039,FIX,760.3858476556705
2040,FIX,748.3217503795008
2041,FIX,765.02537188849
2042,FIX,784.6893247006626
2043,FIX,802.6724142166859
2044,FIX,818.1829815883581
2045,FIX,830.5997833575262
