YEAR,CostType,VALUE
2041,CAP,3126.431897281285
2042,CAP,2871.361482312185
2043,CAP,3032.936474004879
2044,CAP,3684.5525824417973
2045,CAP,4091.8308346853396
2046,CAP,3831.562310425654
2047,CAP,1977.6155404154317
2048,CAP,1798.849046710699
2049,CAP,2101.666104713742
2050,CAP,2093.9830503465955
2051,CAP,2436.392801461927
2052,CAP,4444.232754899712
2053,CAP,5551.4624477845055
2054,CAP,5996.793854433069
2055,CAP,6208.773369275324
2038,CAP,5008.96735649909
2039,CAP,4887.649711844673
2040,CAP,5005.434916107961
2022,CAP,3966.754404282045
2023,CAP,3708.242157911533
2024,CAP,3863.8427366068204
2025,CAP,4014.86179328856
2026,CAP,2011.6950500912199
2028,CAP,2145.467948974138
2027,CAP,1976.0315505671592
2029,CAP,2342.026229356084
2030,CAP,3047.332205394662
2031,CAP,2809.874125575372
2032,CAP,727.5573496502362
2033,CAP,719.630009851051
2034,CAP,925.7928337878841
2035,CAP,956.8231499092799
2036,CAP,871.9257869238895
2037,CAP,2942.6652386179135
2021,CAP,9.273558974359329
2041,FIX,686.8709599688127
2042,FIX,695.892139608524
2043,FIX,701.9243173369259
2044,FIX,701.0569294127786
2045,FIX,700.991609616522
2046,FIX,699.5755417495266
2047,FIX,707.5956626845698
2048,FIX,697.7518714832767
2049,FIX,695.7036555937174
2050,FIX,702.0721007869491
2051,FIX,718.9113272116266
2052,FIX,718.1871128032315
2053,FIX,727.6052581672818
2054,FIX,737.9858745792543
2055,FIX,750.3034330595963
2038,FIX,732.5289633096825
2039,FIX,707.1065279351044
2040,FIX,680.6755176665114
2021,FIX,756.6302112820513
2022,FIX,765.8934015063084
2023,FIX,763.9718732753003
2024,FIX,803.7862405933599
2025,FIX,834.4420476257252
2026,FIX,815.564888853566
2027,FIX,791.5574100418245
2028,FIX,772.1200376637929
2029,FIX,752.4560740215766
2030,FIX,738.8052703127767
2031,FIX,722.8037966047191
2032,FIX,731.7432812134756
2033,FIX,739.0013127074959
2034,FIX,751.884755094505
2035,FIX,765.1167170597939
2036,FIX,779.1252499268896
2037,FIX,753.5753785232627
