YEAR,CostType,VALUE
2022,CAP,4074.8903287358803
2023,CAP,3708.2728059115293
2024,CAP,3863.84273660682
2025,CAP,3916.9721714596503
2026,CAP,2031.3923560677813
2028,CAP,2086.85370440121
2029,CAP,2237.2342622672504
2030,CAP,2815.4757569682706
2031,CAP,2772.8332369407935
2027,CAP,2003.0805438563605
2032,CAP,755.4938223398482
2033,CAP,753.547364154052
2034,CAP,966.4237350250961
2035,CAP,1006.2085041848119
2036,CAP,930.2847139340473
2037,CAP,3206.8193786270026
2038,CAP,5077.411408330526
2039,CAP,5039.124619307195
2040,CAP,5246.972560756655
2041,CAP,3065.0533185165996
2042,CAP,2773.5562414829938
2043,CAP,3058.075889090366
2044,CAP,3415.256862397336
2045,CAP,4133.243447951847
2046,CAP,3901.0753256753264
2047,CAP,2135.0442331970175
2048,CAP,2082.959825822119
2049,CAP,2475.584784227469
2050,CAP,2512.1553785392584
2051,CAP,3051.1945870487475
2052,CAP,5302.855638906526
2053,CAP,7087.402179038618
2054,CAP,7572.654947635611
2055,CAP,7871.857813180794
2021,CAP,9.273558974359329
2021,FIX,756.6302112820513
2022,FIX,760.2988413230963
2023,FIX,759.7804715745582
2024,FIX,799.5955279326179
2025,FIX,833.9204692546816
2026,FIX,815.4849976126718
2027,FIX,792.0589343787807
2028,FIX,776.6455242000312
2029,FIX,763.0747298387274
2030,FIX,761.5510733710632
2031,FIX,752.7442335786027
2032,FIX,763.1094177039535
2033,FIX,771.8930651207987
2034,FIX,786.3823694456089
2035,FIX,801.3505622856107
2036,FIX,817.2348480560299
2037,FIX,799.9031432726242
2038,FIX,793.2421586930514
2039,FIX,784.0085532794363
2040,FIX,771.4203771798964
2041,FIX,789.9777020005185
2042,FIX,811.1797203824433
2043,FIX,827.3313745796734
2044,FIX,845.2538762144019
2045,FIX,861.1819546028502
2046,FIX,882.4454875118038
2047,FIX,909.2678821626264
2048,FIX,937.9204749459768
2049,FIX,961.018425912755
2050,FIX,992.1719778722521
2051,FIX,1029.9499049051842
2052,FIX,1069.732468132147
2053,FIX,1111.5659721313286
2054,FIX,1155.2888385024683
2055,FIX,1202.1755130272295
