YEAR,CostType,VALUE
2041,CAP,2778.5212259852037
2042,CAP,2819.97797594377
2043,CAP,2849.29071228498
2044,CAP,2720.650200655277
2045,CAP,2933.31296792775
2046,CAP,2972.406791262719
2047,CAP,1688.1464394043787
2048,CAP,1974.2671327594776
2049,CAP,1688.4766153962428
2050,CAP,2108.385352705027
2051,CAP,2405.1133752048295
2052,CAP,4483.8700020378
2053,CAP,5495.1682197953405
2054,CAP,6348.850474729368
2055,CAP,6286.381584336273
2040,CAP,5141.573169803653
2023,CAP,3708.25237391153
2024,CAP,3863.842736606821
2025,CAP,3916.972171459648
2022,CAP,4480.940008957568
2026,CAP,1715.211590865423
2027,CAP,1966.5040747652997
2028,CAP,1983.0126064420326
2029,CAP,1688.95294725217
2030,CAP,2024.76298075839
2031,CAP,2053.567295543199
2032,CAP,691.7844232728245
2033,CAP,866.0087280408868
2034,CAP,899.0115704163519
2035,CAP,939.9980365329448
2036,CAP,847.6089151243426
2038,CAP,3675.376506904522
2039,CAP,4351.589592402271
2037,CAP,2455.8550684563684
2021,CAP,9.273558974359329
2041,FIX,647.8048909062201
2042,FIX,658.4903153512465
2043,FIX,669.3194895930767
2044,FIX,679.3408523382624
2045,FIX,690.3894034931876
2046,FIX,701.4726585730717
2047,FIX,717.1806275609009
2048,FIX,727.9433633915096
2049,FIX,729.0537359152257
2050,FIX,740.7575927386739
2051,FIX,759.2337984616375
2052,FIX,762.6113795255604
2053,FIX,766.866966401071
2054,FIX,774.7735086122334
2055,FIX,806.4611887115974
2040,FIX,641.3211154984792
2021,FIX,756.6302112820513
2022,FIX,739.2766586151308
2023,FIX,744.0264937128184
2024,FIX,783.841090710878
2025,FIX,818.1655726729417
2026,FIX,795.9336498386074
2027,FIX,770.8433338003421
2028,FIX,746.0621676801628
2029,FIX,716.4159280790522
2030,FIX,692.1980431592818
2031,FIX,668.4160755647429
2032,FIX,676.0832147902344
2033,FIX,687.1391471689748
2034,FIX,698.7124275402734
2035,FIX,710.8838136586154
2036,FIX,723.4452380544891
2037,FIX,715.2554498455554
2038,FIX,691.6506847725691
2039,FIX,668.7979237591092
