YEAR,CostType,VALUE
2023,CAP,4039.9554001249962
2024,CAP,4686.314006356002
2025,CAP,5165.2051877423155
2026,CAP,3670.308544724005
2027,CAP,3570.1208082900002
2028,CAP,3531.570440511997
2029,CAP,3566.8486408639424
2030,CAP,3519.552904756906
2031,CAP,3885.1357709077097
2032,CAP,4067.4134821669877
2033,CAP,3990.648405398367
2034,CAP,3962.6572570846947
2035,CAP,3874.385640578699
2036,CAP,3844.727669367071
2037,CAP,3793.0328716037716
2038,CAP,3775.057594493064
2039,CAP,3842.4948113022892
2040,CAP,3772.4494932955085
2041,CAP,3332.739444159961
2042,CAP,4108.7891310638925
2043,CAP,3814.939152019375
2044,CAP,3363.3378606594965
2045,CAP,3323.7963980131585
2046,CAP,2757.9139861044605
2047,CAP,3185.686275718859
2048,CAP,3179.723801327772
2049,CAP,3244.7223800353413
2050,CAP,3183.909893473539
2022,CAP,3902.4540900000025
2021,CAP,2.656427999999145
2023,FIX,1233.7416994999999
2024,FIX,1296.751554258
2025,FIX,1369.9055098667814
2026,FIX,1318.5471197920315
2027,FIX,1295.0956346866565
2028,FIX,1288.4549656552813
2029,FIX,1293.9247746648066
2030,FIX,1305.691388551661
2031,FIX,1319.9766649953333
2032,FIX,1336.633427318142
2033,FIX,1355.0052753320356
2034,FIX,1375.162267574926
2035,FIX,1395.18593831957
2036,FIX,1415.4612895427344
2037,FIX,1436.5643339700387
2038,FIX,1457.9750355485053
2039,FIX,1481.1214386028064
2040,FIX,1503.191683803318
2041,FIX,1526.2524929793592
2042,FIX,1548.2016231145617
2043,FIX,1569.0294864806074
2044,FIX,1593.244785059445
2045,FIX,1619.875708692166
2046,FIX,1642.5430783719644
2047,FIX,1671.3333826652533
2048,FIX,1696.035888631066
2049,FIX,1719.37142436211
2050,FIX,1739.3198160145844
2021,FIX,1114.10583
2022,FIX,1172.243794
