YEAR,CostType,VALUE
2023,CAP,4035.265533273446
2024,CAP,5117.958081101946
2025,CAP,5223.252975228002
2026,CAP,3714.247692136005
2027,CAP,3615.7848201899965
2028,CAP,3581.669069327999
2029,CAP,3613.536642698811
2030,CAP,4327.626847451026
2031,CAP,4198.966213782886
2032,CAP,4288.736958299003
2033,CAP,4186.259502410658
2034,CAP,4146.406652056299
2035,CAP,4048.141831702935
2036,CAP,4008.083164206856
2037,CAP,3946.4684140478594
2038,CAP,3870.340630941516
2039,CAP,3844.0879253127414
2040,CAP,3767.5943937610036
2041,CAP,3316.643496370101
2042,CAP,4106.4570407039
2043,CAP,3817.1774689993676
2044,CAP,3380.0645923641514
2045,CAP,3319.0473297223043
2046,CAP,2757.9139861044678
2047,CAP,3364.7035759043806
2048,CAP,3256.2509739845686
2049,CAP,9100.265809653432
2050,CAP,13153.975960673635
2022,CAP,3905.096839285793
2021,CAP,2.656427999999145
2023,FIX,1233.698451196334
2024,FIX,1305.9032464886595
2025,FIX,1380.2386078348304
2026,FIX,1329.7729226744755
2027,FIX,1307.2162442639947
2028,FIX,1301.561498988789
2029,FIX,1307.9216537716943
2030,FIX,1322.1340747406007
2031,FIX,1336.2852202504534
2032,FIX,1354.725576279924
2033,FIX,1374.462978963075
2034,FIX,1395.713814174143
2035,FIX,1416.6257929799199
2036,FIX,1437.589518810924
2037,FIX,1459.2102038149865
2038,FIX,1480.3099786794219
2039,FIX,1501.6387711374489
2040,FIX,1521.844066799067
2041,FIX,1543.2656342181654
2042,FIX,1563.613433608817
2043,FIX,1582.9902878730043
2044,FIX,1605.7168049062639
2045,FIX,1630.7692999503838
2046,FIX,1652.1000934747085
2047,FIX,1680.211911127453
2048,FIX,1705.0765168011098
2049,FIX,1902.422379535491
2050,FIX,2223.9920840417326
2021,FIX,1114.10583
2022,FIX,1172.2966281021718
