YEAR,CostType,VALUE
2023,CAP,4075.99059390411
2024,CAP,4671.2817581781865
2025,CAP,4698.0171049397795
2026,CAP,3353.3852384640054
2027,CAP,3607.873476190001
2028,CAP,3568.201422148157
2029,CAP,3605.1049765014477
2030,CAP,3569.796940894354
2031,CAP,4143.401929373997
2032,CAP,4068.641602643007
2033,CAP,4108.131352410657
2034,CAP,4059.663980056299
2035,CAP,3952.4769857029364
2036,CAP,3903.711569206849
2037,CAP,3833.402114047871
2038,CAP,3747.556613941507
2039,CAP,3707.4566801799824
2040,CAP,3805.480381228885
2041,CAP,3147.1876320166266
2042,CAP,3450.5617112574846
2043,CAP,3222.371257689614
2044,CAP,3197.8617858702155
2045,CAP,3418.601639790944
2046,CAP,2771.377005792466
2047,CAP,2879.339694631028
2048,CAP,3340.1039452813106
2049,CAP,8330.03166598174
2050,CAP,13927.581898306376
2022,CAP,3902.4540900000025
2021,CAP,2.656427999999145
2023,FIX,1232.0843260136985
2024,FIX,1296.3926506633734
2025,FIX,1370.3273036498713
2026,FIX,1319.2999619949765
2027,FIX,1296.7933914926407
2028,FIX,1291.0475902948083
2029,FIX,1297.4661994442781
2030,FIX,1309.833807082827
2031,FIX,1323.9807415809478
2032,FIX,1340.5151986840906
2033,FIX,1360.0602244510844
2034,FIX,1380.8543673329002
2035,FIX,1401.0677883886565
2036,FIX,1421.1339598876416
2037,FIX,1441.616024709657
2038,FIX,1461.3408934098493
2039,FIX,1480.845319833268
2040,FIX,1500.901665481467
2041,FIX,1521.406269527374
2042,FIX,1542.2986822696007
2043,FIX,1561.8564119619127
2044,FIX,1583.2983326633132
2045,FIX,1598.8224901231542
2046,FIX,1612.0805946007367
2047,FIX,1630.800255372314
2048,FIX,1665.8883602810529
2049,FIX,1839.8168685501382
2050,FIX,2171.612399770784
2021,FIX,1114.10583
2022,FIX,1172.243794
