YEAR,CostType,VALUE
2023,CAP,4037.624067722653
2024,CAP,4686.314006356001
2025,CAP,4762.5034267320025
2026,CAP,3477.4323389785104
2027,CAP,3377.3305244600015
2028,CAP,3322.610550839995
2029,CAP,3353.2752190819965
2030,CAP,3747.7377107954267
2031,CAP,3655.4765696298246
2032,CAP,3570.806444162642
2033,CAP,3484.0750061422204
2034,CAP,3453.813229205788
2035,CAP,3363.1291078577237
2036,CAP,3433.0951248769866
2037,CAP,3372.934574137906
2038,CAP,3290.483586451488
2039,CAP,3263.3087530451376
2040,CAP,3241.3101511996856
2041,CAP,2799.693401589307
2042,CAP,3372.1625113087634
2043,CAP,3088.8774393885487
2044,CAP,2681.89038993479
2045,CAP,2610.473689275172
2046,CAP,2173.1656865167924
2047,CAP,2841.991181232808
2048,CAP,2687.5734979991
2049,CAP,2557.510020843078
2050,CAP,2340.8934147511372
2022,CAP,3902.4540900000025
2021,CAP,2.656427999999145
2023,FIX,1233.6938722906248
2024,FIX,1296.7037739822188
2025,FIX,1361.6813490638128
2026,FIX,1272.941830071563
2027,FIX,1234.410287501813
2028,FIX,1220.1152530420627
2029,FIX,1220.7353979749691
2030,FIX,1229.1355572727102
2031,FIX,1239.6503983919497
2032,FIX,1252.5344366356803
2033,FIX,1266.9487046862575
2034,FIX,1283.2024333332106
2035,FIX,1299.2117702184864
2036,FIX,1317.3042570275002
2037,FIX,1335.7868493008575
2038,FIX,1353.5136293462037
2039,FIX,1371.4669905884925
2040,FIX,1389.2880909516834
2041,FIX,1408.051318213391
2042,FIX,1426.9885254685732
2043,FIX,1444.4586577577124
2044,FIX,1465.518759732366
2045,FIX,1483.792013095913
2046,FIX,1499.442700133353
2047,FIX,1530.8426570825707
2048,FIX,1551.9364207321328
2049,FIX,1564.013040304816
2050,FIX,1566.3528504470537
2021,FIX,1114.10583
2022,FIX,1172.243794
