YEAR,CostType,VALUE
2023,CAP,4062.673967297742
2024,CAP,4607.279579947408
2025,CAP,5223.252975228001
2026,CAP,3549.8675292280027
2027,CAP,3433.764169930003
2028,CAP,3389.046840295995
2029,CAP,3825.209994574092
2030,CAP,3881.9825368964093
2031,CAP,3763.050481123821
2032,CAP,3727.704751557967
2033,CAP,3725.376393646097
2034,CAP,3696.9212231785723
2035,CAP,3609.6516789131642
2036,CAP,3580.8994095863964
2037,CAP,3531.372281301019
2038,CAP,3465.746270451474
2039,CAP,3453.105963145149
2040,CAP,3459.930675648843
2041,CAP,2567.935580260895
2042,CAP,3668.029491228762
2043,CAP,3313.3468452743778
2044,CAP,3411.275639779619
2045,CAP,2953.828598074154
2046,CAP,2508.9178779322338
2047,CAP,3063.814471951495
2048,CAP,3005.531450061385
2049,CAP,10508.998837517827
2050,CAP,12301.048497072257
2022,CAP,3902.4540900000025
2021,CAP,2.656427999999145
2023,FIX,1232.5652232873058
2024,FIX,1303.8283276963025
2025,FIX,1378.316231061272
2026,FIX,1291.2718911606883
2027,FIX,1254.1419953870513
2028,FIX,1241.5036385851513
2029,FIX,1244.8038859322642
2030,FIX,1255.4508844890502
2031,FIX,1267.03129629984
2032,FIX,1281.8309673940435
2033,FIX,1299.3409879439694
2034,FIX,1318.6467436157582
2035,FIX,1337.749758385063
2036,FIX,1357.1533164494344
2037,FIX,1377.3626159404384
2038,FIX,1397.2529705990835
2039,FIX,1417.6673252925739
2040,FIX,1437.1464845037199
2041,FIX,1458.0893368822021
2042,FIX,1477.163717186425
2043,FIX,1496.2391052145474
2044,FIX,1518.1845667718712
2045,FIX,1540.324898753532
2046,FIX,1559.2167827101453
2047,FIX,1592.0957042471348
2048,FIX,1623.678170733182
2049,FIX,1879.2561420074164
2050,FIX,2186.4484565519697
2021,FIX,1114.10583
2022,FIX,1172.243794
