YEAR,CostType,VALUE
2041,CAP,2943.4997302715815
2042,CAP,3257.1573913139196
2043,CAP,3020.070164752298
2044,CAP,3227.665496824012
2045,CAP,3297.110192685267
2046,CAP,3278.9884329242564
2047,CAP,1479.6471143573574
2048,CAP,1601.1056262173713
2049,CAP,2218.5988783697944
2050,CAP,6769.46444832668
2051,CAP,1938.1222183156253
2052,CAP,3890.218451896128
2053,CAP,3560.3279623720723
2054,CAP,4757.014053499482
2055,CAP,6155.527064456171
2032,CAP,699.1025615814626
2033,CAP,869.6676603469801
2034,CAP,849.9680527112066
2035,CAP,1125.4321196404421
2036,CAP,732.7135823779547
2037,CAP,4175.394047450504
2038,CAP,3338.79466369032
2039,CAP,4172.874097747537
2040,CAP,5847.077504080489
2023,CAP,3708.2523739115304
2024,CAP,3863.8427366068177
2025,CAP,4750.808820096659
2022,CAP,4480.94000895757
2026,CAP,1782.9768066121944
2027,CAP,1933.466627720148
2028,CAP,1813.32365334754
2029,CAP,1803.863203592158
2030,CAP,1999.6081895230977
2031,CAP,2014.7943896417232
2021,CAP,9.27355897435918
2041,FIX,535.4840227537163
2042,FIX,536.0852682013195
2043,FIX,537.6912421663087
2044,FIX,537.2620440214635
2045,FIX,537.2596845274513
2046,FIX,537.0201035593675
2047,FIX,542.0886571710273
2048,FIX,508.6872817554833
2049,FIX,517.622726013809
2050,FIX,574.1927971314077
2051,FIX,590.7322471428884
2052,FIX,591.8890732659456
2053,FIX,592.7596096942285
2054,FIX,602.5363649217117
2055,FIX,615.6099903165742
2032,FIX,639.1209978588818
2033,FIX,646.7264616430446
2034,FIX,647.7854008858982
2035,FIX,656.0427889264363
2036,FIX,659.670390817141
2037,FIX,649.048241859921
2038,FIX,604.5497550247163
2039,FIX,554.8017392003991
2040,FIX,538.6513146403695
2021,FIX,756.6302112820513
2022,FIX,739.2766586151308
2023,FIX,744.0264937128184
2024,FIX,783.841090710878
2025,FIX,797.7428605111778
2026,FIX,770.9199559015824
2027,FIX,744.0774581641842
2028,FIX,713.5243656121891
2029,FIX,686.3103177235951
2030,FIX,660.4496899285956
2031,FIX,634.6248914711829
