YEAR,CostType,VALUE
2023,CAP,4073.5817245533267
2024,CAP,4686.314006355993
2025,CAP,4762.338722011393
2027,CAP,3098.9822658500016
2028,CAP,3502.913755585781
2029,CAP,3715.1303685905214
2030,CAP,3778.5728902135943
2031,CAP,3895.396850276909
2032,CAP,3949.8142504505886
2033,CAP,4028.606569094715
2034,CAP,4158.956896650006
2035,CAP,4315.108245445666
2036,CAP,4403.2343455399905
2037,CAP,4512.111243923995
2038,CAP,4625.337541114669
2039,CAP,4732.020765975336
2040,CAP,4973.985713054872
2041,CAP,4525.575125965101
2042,CAP,5819.011169398617
2043,CAP,7065.444407021617
2044,CAP,9495.387131104415
2045,CAP,9731.305861724346
2046,CAP,8031.413123142463
2047,CAP,8643.566603176023
2048,CAP,8854.322890322028
2049,CAP,9119.863378084927
2050,CAP,9341.989812797096
2022,CAP,3902.4540900000025
2026,CAP,2713.8053910000076
2021,CAP,2.656427999999145
2023,FIX,1232.022932461808
2024,FIX,1294.9897539002877
2025,FIX,1359.879761113455
2026,FIX,1381.5811279642771
2027,FIX,1406.4763505824449
2028,FIX,1439.618129448851
2029,FIX,1477.6411998404087
2030,FIX,1516.9847196206274
2031,FIX,1557.5513374193858
2032,FIX,1598.5399101651847
2033,FIX,1641.119158191305
2034,FIX,1686.2416655414595
2035,FIX,1734.674488920123
2036,FIX,1783.6646509803313
2037,FIX,1835.4463612698855
2038,FIX,1889.7980969480004
2039,FIX,1945.824317595233
2040,FIX,2004.3333084453052
2041,FIX,2066.1024108930123
2042,FIX,2132.686673680544
2043,FIX,2201.1156965297605
2044,FIX,2268.3731273805497
2045,FIX,2334.500021014134
2046,FIX,2397.0968144621647
2047,FIX,2465.9475947131295
2048,FIX,2531.4728184779256
2049,FIX,2593.686378548678
2050,FIX,2661.8952990427124
2021,FIX,1114.10583
2022,FIX,1172.243794
