YEAR,CostType,VALUE
2041,CAP,5793.136733897524
2042,CAP,6087.234577369067
2043,CAP,6373.978600700336
2044,CAP,6662.69239782632
2045,CAP,7159.67149712819
2046,CAP,8241.907733072474
2047,CAP,5276.803963273184
2048,CAP,5600.649722084164
2049,CAP,5964.149205879002
2050,CAP,6805.060475510519
2051,CAP,6403.541143713307
2052,CAP,10487.996955584338
2053,CAP,11373.834754623722
2054,CAP,12397.524465815783
2055,CAP,13072.031275961173
2030,CAP,3160.131348728272
2031,CAP,3247.1769556065365
2032,CAP,967.3303668939454
2033,CAP,1204.4016929866618
2034,CAP,1518.7097468470613
2035,CAP,1913.7388780688532
2036,CAP,2019.4136117946534
2037,CAP,5375.614457095202
2038,CAP,5925.994476953177
2039,CAP,6236.687239222264
2022,CAP,3999.469143866701
2023,CAP,3771.3669346254264
2024,CAP,3986.1011686576862
2025,CAP,4038.5204453850743
2026,CAP,2674.4653173144325
2027,CAP,2894.064337205223
2028,CAP,2968.647107407312
2029,CAP,2875.055912130582
2040,CAP,6539.2836190112985
2021,CAP,9.273558974359329
2041,FIX,1000.2056850781623
2042,FIX,1019.0639342679875
2043,FIX,1039.2161943520377
2044,FIX,1060.001168462639
2045,FIX,1082.2846735024764
2046,FIX,1101.8839060439095
2047,FIX,1141.0947330677557
2048,FIX,1166.1250722296904
2049,FIX,1200.6780954741198
2050,FIX,1257.6266490057833
2051,FIX,1311.0410066617706
2052,FIX,1372.8401738561724
2053,FIX,1438.7316583772517
2054,FIX,1508.5976728839767
2055,FIX,1584.0826862345768
2030,FIX,855.3988435489056
2031,FIX,866.3912139451799
2032,FIX,883.6404507470849
2033,FIX,905.8746717501128
2034,FIX,929.8908417276144
2035,FIX,949.0527240518617
2036,FIX,970.6050141662015
2037,FIX,970.9942435212846
2038,FIX,973.7262256209843
2039,FIX,978.6097993959002
2040,FIX,982.65189747624
2021,FIX,756.6302112820513
2022,FIX,764.9232886537185
2023,FIX,761.0795573143275
2024,FIX,797.1455357725529
2025,FIX,827.6208636067437
2026,FIX,829.6796061976688
2027,FIX,833.6944155175574
2028,FIX,839.5622653692552
2029,FIX,846.3986687059997
