YEAR,CostType,VALUE
2028,CAP,2806.775712199999
2029,CAP,2871.529949361996
2030,CAP,2871.8244417185765
2031,CAP,2921.2247976639933
2032,CAP,2931.924568920004
2033,CAP,2957.2344514012375
2034,CAP,3026.034609239997
2035,CAP,3058.6005420400015
2036,CAP,3094.3245832240036
2037,CAP,3502.710432331997
2038,CAP,4215.139325846012
2039,CAP,4204.309921539984
2040,CAP,4203.774180822907
2041,CAP,3216.1851540971256
2042,CAP,4210.599536440428
2043,CAP,4191.168812166112
2044,CAP,4178.840840182179
2045,CAP,4470.039067481159
2046,CAP,3382.813253890996
2047,CAP,3895.922059000004
2048,CAP,3675.7238986482953
2049,CAP,3762.0167517090495
2050,CAP,3751.807299887991
2022,CAP,3902.4540900000025
2023,CAP,3945.4214719999964
2024,CAP,3970.7786859999997
2025,CAP,4046.8107840000057
2026,CAP,2576.2812300000023
2027,CAP,2553.4172070000022
2021,CAP,2.6564279999991474
2028,FIX,1294.6621714000003
2029,FIX,1291.576319806
2030,FIX,1293.2179639843764
2031,FIX,1299.4502636399002
2032,FIX,1308.451175631424
2033,FIX,1320.4234528960005
2034,FIX,1335.8809379119998
2035,FIX,1353.6340179519998
2036,FIX,1372.5623939300003
2037,FIX,1401.472517071
2038,FIX,1431.0111247840005
2039,FIX,1460.4726348399997
2040,FIX,1490.100126593304
2041,FIX,1520.3096441250916
2042,FIX,1549.3705269254156
2043,FIX,1577.5432790058187
2044,FIX,1604.194187335323
2045,FIX,1631.7031621138074
2046,FIX,1659.5257585973427
2047,FIX,1691.2170396648785
2048,FIX,1722.585171806867
2049,FIX,1754.5665968042858
2050,FIX,1784.2555097456498
2021,FIX,1114.10583
2022,FIX,1172.243794
2023,FIX,1231.8023389999998
2024,FIX,1291.906473
2025,FIX,1354.4057190000003
2026,FIX,1324.1860520000002
2027,FIX,1305.4119500000004
