YEAR,CostType,VALUE
2041,CAP,2788.289502121604
2042,CAP,2758.4736203568905
2043,CAP,2819.1734466850185
2044,CAP,2949.9150610636966
2045,CAP,3664.0999277599385
2046,CAP,3498.825393485722
2047,CAP,1753.3531705190485
2048,CAP,1694.8518014694012
2049,CAP,2038.2897909326873
2050,CAP,2211.7141516894026
2051,CAP,2603.675177043379
2052,CAP,4839.310183139164
2053,CAP,5901.171974336363
2054,CAP,6376.466437987739
2055,CAP,6626.857938893054
2022,CAP,3966.7722822820456
2023,CAP,3708.2523739115327
2024,CAP,3863.842736606821
2025,CAP,3916.9721714596494
2029,CAP,1740.0528967842465
2026,CAP,1564.744448078796
2027,CAP,1787.6442744233912
2028,CAP,1822.7881895556968
2030,CAP,2749.50035484933
2031,CAP,2566.370487857105
2032,CAP,554.6741809393478
2033,CAP,575.8638783319451
2034,CAP,745.8646784717077
2035,CAP,801.68816918632
2036,CAP,723.2968816870895
2037,CAP,2532.9283696375287
2038,CAP,4454.095101554902
2039,CAP,4417.543533540448
2040,CAP,4583.827059404092
2021,CAP,9.273558974359329
2041,FIX,665.0967099401664
2042,FIX,675.9444912897181
2043,FIX,686.7701085378346
2044,FIX,696.3937297720977
2045,FIX,708.8377193301121
2046,FIX,720.9459233195561
2047,FIX,737.3909831302491
2048,FIX,754.6959175887703
2049,FIX,764.1215814229522
2050,FIX,775.9290367582165
2051,FIX,795.7225990769076
2052,FIX,800.7442714677773
2053,FIX,824.3894251480128
2054,FIX,849.5635002376041
2055,FIX,877.0434726363724
2021,FIX,756.6302112820513
2022,FIX,765.8935801463083
2023,FIX,763.9723326353003
2024,FIX,803.7869296333599
2025,FIX,838.1114115954236
2026,FIX,813.1928633235493
2027,FIX,785.896785466399
2028,FIX,759.390500714126
2029,FIX,734.1254645704233
2030,FIX,716.6028236302457
2031,FIX,697.413342906044
2032,FIX,704.147786940727
2033,FIX,709.7329189314721
2034,FIX,719.816661017321
2035,FIX,730.9119118094059
2036,FIX,742.940666467753
2037,FIX,712.9765510722206
2038,FIX,697.5441941964829
2039,FIX,679.1175318022775
2040,FIX,657.1863028885482
