YEAR,CostType,VALUE
2041,CAP,2620.5465608584964
2042,CAP,2582.6851242590974
2043,CAP,2624.5348133683356
2044,CAP,3142.111377819588
2045,CAP,3709.9409262336803
2046,CAP,3506.839167076358
2047,CAP,1726.1529572268232
2048,CAP,1588.2193589814399
2049,CAP,1841.0823311518593
2050,CAP,1879.68797377196
2051,CAP,2253.6909363904583
2052,CAP,3942.487633845485
2053,CAP,5278.385764715213
2054,CAP,5740.333798735174
2055,CAP,5953.796987567464
2035,CAP,871.1257238475807
2036,CAP,913.0699835045488
2037,CAP,2839.3808323989692
2038,CAP,4793.019031891956
2039,CAP,4702.469393067106
2040,CAP,4828.183500752352
2022,CAP,4101.118244196428
2023,CAP,3815.478880062685
2024,CAP,3974.024735389394
2025,CAP,4022.04477826312
2026,CAP,1627.6868952063805
2027,CAP,1780.2201045518366
2028,CAP,1813.1056907470697
2029,CAP,1756.6628864787767
2030,CAP,2714.9631700987484
2031,CAP,2530.2718684865167
2032,CAP,548.9627926993176
2033,CAP,568.5820762981185
2034,CAP,736.7350552226587
2021,CAP,9.273558974359329
2041,FIX,620.6166891316782
2042,FIX,627.6373108649796
2043,FIX,634.4916669904758
2044,FIX,632.4568003458089
2045,FIX,631.1950386783047
2046,FIX,628.8523100827691
2047,FIX,636.1639878358936
2048,FIX,626.5948894453624
2049,FIX,625.6342944581826
2050,FIX,633.506898387794
2051,FIX,650.7722041076479
2052,FIX,656.8232893018595
2053,FIX,665.0550438215602
2054,FIX,674.2555485150294
2055,FIX,685.3832964634746
2035,FIX,702.850830921388
2036,FIX,714.243450396489
2037,FIX,684.1056780123247
2038,FIX,664.5621251095932
2039,FIX,641.3241922912678
2040,FIX,613.379402448829
2021,FIX,756.6302112820513
2022,FIX,758.9377883900349
2023,FIX,755.2570822412457
2024,FIX,791.1435678676136
2025,FIX,821.3679256730279
2026,FIX,793.4301215090189
2027,FIX,765.6274547023695
2028,FIX,738.5359468509323
2029,FIX,711.670024254165
2030,FIX,693.2063492707084
2031,FIX,672.9481060129049
2032,FIX,678.9695096776569
2033,FIX,683.7852242062439
2034,FIX,693.1121976894372
