YEAR,CostType,VALUE
2023,CAP,4073.5817245533226
2024,CAP,4686.314006356003
2025,CAP,4765.4717520113945
2026,CAP,2890.0386025559924
2027,CAP,2898.9538946699963
2028,CAP,3161.259594460262
2029,CAP,3338.0824633938837
2030,CAP,3341.9011740498154
2031,CAP,3378.236964240944
2032,CAP,3381.5556271093296
2033,CAP,3386.496846607014
2034,CAP,3442.929124873348
2035,CAP,4234.3019228049925
2036,CAP,4226.826640444003
2037,CAP,4217.450291508005
2038,CAP,4412.132650882272
2039,CAP,4446.998462408815
2040,CAP,4560.591142190724
2041,CAP,4017.955343309114
2042,CAP,5067.8904542864275
2043,CAP,4588.818213381326
2044,CAP,4174.766781596589
2045,CAP,4243.656151328134
2046,CAP,3381.306180656434
2047,CAP,3911.102116508203
2048,CAP,3940.7494664789983
2049,CAP,4003.470561763997
2050,CAP,4003.2526194051557
2022,CAP,3902.454090000001
2021,CAP,2.6564279999985607
2023,FIX,1232.0229324618078
2024,FIX,1294.9897539002875
2025,FIX,1359.942401113455
2026,FIX,1330.9510607567768
2027,FIX,1313.5682037431945
2028,FIX,1309.4776220330946
2029,FIX,1315.4588371212926
2030,FIX,1326.0060033705001
2031,FIX,1339.4871790506636
2032,FIX,1355.1971813375171
2033,FIX,1373.023795453743
2034,FIX,1393.5427701820358
2035,FIX,1416.2482675881101
2036,FIX,1438.793808382829
2037,FIX,1462.3880313104428
2038,FIX,1489.353774326048
2039,FIX,1516.578640471149
2040,FIX,1543.877522033179
2041,FIX,1571.6533139010148
2042,FIX,1598.6932191595183
2043,FIX,1625.339290599943
2044,FIX,1652.236279430124
2045,FIX,1681.4646029046405
2046,FIX,1707.7743204728338
2047,FIX,1738.869448303082
2048,FIX,1777.2288345343397
2049,FIX,1813.6196056492026
2050,FIX,1847.152805683001
2021,FIX,1114.10583
2022,FIX,1172.243794
