YEAR,CostType,VALUE
2041,CAP,3664.8337509442986
2042,CAP,3733.4806975050637
2043,CAP,3796.8305675536885
2044,CAP,3539.4476547166933
2045,CAP,3948.698501053654
2046,CAP,4036.633991338534
2047,CAP,2038.3853919024577
2048,CAP,2169.484772174672
2049,CAP,3125.3323022846353
2050,CAP,7759.955010713288
2051,CAP,2903.668992529234
2052,CAP,5805.207038876478
2053,CAP,4576.788012107329
2054,CAP,6251.667056226115
2055,CAP,8356.297223795913
2030,CAP,1888.177557056481
2031,CAP,1927.1978813979374
2032,CAP,546.1626013061284
2033,CAP,727.6436561246927
2034,CAP,837.3072932987503
2035,CAP,1135.0750558241086
2036,CAP,1122.0752104374594
2037,CAP,4822.80834628623
2038,CAP,3461.949028498045
2039,CAP,4483.68849353978
2040,CAP,6700.796849402999
2023,CAP,3708.272805911529
2024,CAP,3863.842736606822
2025,CAP,4835.339835428029
2022,CAP,4480.975764957568
2026,CAP,1612.7829827288865
2027,CAP,1784.3468547611544
2028,CAP,1807.5562085615659
2029,CAP,1525.1479775142386
2021,CAP,9.273558974359329
2041,FIX,568.0655451324575
2042,FIX,574.6673478838443
2043,FIX,581.7719400920037
2044,FIX,589.5923477243973
2045,FIX,597.5499678138308
2046,FIX,605.9573117881868
2047,FIX,620.468980078286
2048,FIX,593.0199815220037
2049,FIX,609.0282079175108
2050,FIX,673.5900623232443
2051,FIX,695.2498741335727
2052,FIX,704.1716431947153
2053,FIX,707.8520980465585
2054,FIX,723.8147431421467
2055,FIX,743.5003166227212
2030,FIX,651.2724641560375
2031,FIX,624.0611949273301
2032,FIX,628.4477637293709
2033,FIX,635.9924001839881
2034,FIX,640.8291878928296
2035,FIX,653.5240745054923
2036,FIX,662.1884472327567
2037,FIX,656.3309001581994
2038,FIX,615.5743834672597
2039,FIX,569.3789154561638
2040,FIX,561.9345400643631
2021,FIX,756.6302112820513
2022,FIX,739.2770158951308
2023,FIX,744.0274122528183
2024,FIX,783.8424686108781
2025,FIX,795.6743251176416
2026,FIX,767.0275994400037
2027,FIX,738.9178828232343
2028,FIX,711.2682026106144
2029,FIX,679.03033661879
