YEAR,CostType,VALUE
2023,CAP,3708.272805911527
2024,CAP,3863.8427366068227
2025,CAP,3916.9721714596517
2022,CAP,4480.975764957568
2026,CAP,1507.1289224691395
2027,CAP,1664.4750418941708
2028,CAP,1552.812759378675
2029,CAP,1637.8943717982404
2030,CAP,1840.651651343362
2031,CAP,1865.0572757071648
2032,CAP,507.1397176249607
2033,CAP,681.8497195321421
2034,CAP,620.4665814396152
2035,CAP,725.661006593617
2036,CAP,682.0476051471949
2039,CAP,3442.0880739800837
2040,CAP,4881.094032433237
2041,CAP,1982.9687265330751
2042,CAP,2217.054979926278
2043,CAP,2155.478270607696
2044,CAP,2350.1407705340443
2045,CAP,2472.425090491681
2046,CAP,2544.151324687772
2047,CAP,1334.7438494498888
2048,CAP,1383.5645738771245
2049,CAP,1374.499312471619
2050,CAP,1660.6046168281973
2051,CAP,2019.1613175189825
2052,CAP,3338.442839572418
2053,CAP,4021.1959515034587
2054,CAP,5290.648715683551
2055,CAP,6620.99207960587
2037,CAP,2252.0078070874492
2038,CAP,2555.549880978827
2021,CAP,9.273558974359366
2021,FIX,756.6302112820513
2022,FIX,739.2770158951308
2023,FIX,744.0274122528183
2024,FIX,783.8424686108781
2025,FIX,818.1674099329417
2026,FIX,791.259766242727
2027,FIX,764.638907077873
2028,FIX,734.6848080675791
2029,FIX,705.2159586850947
2030,FIX,677.2475744144094
2031,FIX,649.5589385926406
2032,FIX,654.2925630477291
2033,FIX,662.0479250529116
2034,FIX,667.4130072862004
2035,FIX,675.0664268893061
2036,FIX,684.5118565522589
2037,FIX,667.0836328315929
2038,FIX,629.9456320313585
2039,FIX,599.6217468985268
2040,FIX,580.0219556445089
2041,FIX,583.9437387668814
2042,FIX,593.4163416242305
2043,FIX,603.3414205609091
2044,FIX,616.443356610724
2045,FIX,631.4540039237461
2046,FIX,646.9302064842286
2047,FIX,659.3777159568717
2048,FIX,675.572406655526
2049,FIX,688.1101952095368
2050,FIX,707.2562011087481
2051,FIX,730.3703017941272
2052,FIX,746.5086701424696
2053,FIX,771.6031282835245
2054,FIX,798.4025785466677
2055,FIX,827.516776218732
