YEAR,CostType,VALUE
2023,CAP,4038.1611733281256
2024,CAP,4656.9424674964075
2025,CAP,5223.252975228002
2026,CAP,2968.070683963003
2027,CAP,2938.003297640003
2028,CAP,2909.166515527995
2029,CAP,3294.42288056216
2030,CAP,3314.238637099651
2031,CAP,3316.5119783655327
2032,CAP,3330.4505105040125
2033,CAP,3301.618031867999
2034,CAP,3311.420547265627
2035,CAP,3287.539787430698
2036,CAP,3267.824573209915
2037,CAP,3248.5963752922207
2038,CAP,3236.6285802885677
2039,CAP,3215.7566149356553
2040,CAP,3200.1787531742852
2041,CAP,2434.1382783315466
2042,CAP,3599.019814244741
2043,CAP,3211.484215944022
2044,CAP,3132.053670416003
2045,CAP,2753.551291997819
2046,CAP,2235.0281553204586
2047,CAP,2707.614494937182
2048,CAP,2832.114146838476
2049,CAP,11265.36722012622
2050,CAP,10632.3006166552
2022,CAP,3902.4540900000025
2021,CAP,2.656427999999145
2023,FIX,1233.7043243125
2024,FIX,1305.0672734905347
2025,FIX,1379.566515992703
2026,FIX,1279.1662943481876
2027,FIX,1232.2182921856722
2028,FIX,1210.4434404934368
2029,FIX,1205.007320468826
2030,FIX,1207.9352230951508
2031,FIX,1214.0016492292514
2032,FIX,1223.3277351159818
2033,FIX,1235.124946323891
2034,FIX,1249.259323957697
2035,FIX,1264.5446021758755
2036,FIX,1279.8989155095687
2037,FIX,1296.55938032
2038,FIX,1314.0059342889417
2039,FIX,1331.468210962173
2040,FIX,1349.2448666187668
2041,FIX,1368.1017240771575
2042,FIX,1386.5751998733638
2043,FIX,1405.0083494727178
2044,FIX,1424.9283490151756
2045,FIX,1446.2161527981107
2046,FIX,1465.185778879354
2047,FIX,1489.1209206343035
2048,FIX,1514.210474616376
2049,FIX,1791.0165974269726
2050,FIX,2046.5418227860887
2021,FIX,1114.10583
2022,FIX,1172.243794
