YEAR,CostType,VALUE
2041,CAP,2828.0865520377174
2042,CAP,3187.701148037748
2043,CAP,2961.83690295288
2044,CAP,3228.8815480654416
2045,CAP,3333.8036045586286
2046,CAP,3347.8418562092984
2047,CAP,1354.336977424236
2048,CAP,1547.1293595883305
2049,CAP,2327.7426061811393
2050,CAP,6841.189180820928
2051,CAP,1927.6055637603401
2052,CAP,3670.9407295226815
2053,CAP,3717.6078261319512
2054,CAP,4988.479574958844
2055,CAP,6854.165402666079
2032,CAP,525.7331940188028
2033,CAP,700.2469249363867
2034,CAP,704.3755090468725
2035,CAP,928.0598052749735
2036,CAP,597.106067018537
2037,CAP,3592.4629512987917
2038,CAP,3227.3305837632815
2039,CAP,3995.6623002059796
2040,CAP,6107.676238538185
2023,CAP,3708.26258991153
2024,CAP,3863.8427366068213
2025,CAP,4531.782696238639
2022,CAP,4480.957886957567
2026,CAP,1588.1522374431768
2027,CAP,1743.4504694358716
2028,CAP,1629.5088771090989
2029,CAP,1625.2791334561418
2030,CAP,1825.4469522956638
2031,CAP,1847.0173084649168
2021,CAP,9.273558974359329
2041,FIX,509.5952834224793
2042,FIX,512.0410442843379
2043,FIX,515.6154214186513
2044,FIX,517.7532206338996
2045,FIX,520.6534036496263
2046,FIX,523.6311727783187
2047,FIX,530.5479766617109
2048,FIX,501.4608395121492
2049,FIX,514.4309523854579
2050,FIX,575.1858201184352
2051,FIX,591.8600408187716
2052,FIX,588.5983957301422
2053,FIX,588.8277688420943
2054,FIX,599.0806848470029
2055,FIX,612.7432764858985
2032,FIX,625.7874231477856
2033,FIX,631.7069131544814
2034,FIX,631.8962661016515
2035,FIX,637.7305687259739
2036,FIX,640.6422165522325
2037,FIX,626.3408155453324
2038,FIX,582.0390739821643
2039,FIX,530.891312358104
2040,FIX,511.24030865982564
2021,FIX,756.6302112820513
2022,FIX,739.2768372551309
2023,FIX,744.0269528928184
2024,FIX,783.8417795708781
2025,FIX,803.1082681760699
2026,FIX,773.0665127548035
2027,FIX,743.1343427541124
2028,FIX,709.6606914981171
2029,FIX,679.6604666412782
2030,FIX,651.1148733240989
2031,FIX,622.7743553542058
