YEAR,CostType,VALUE
2022,CAP,2093.292077035117
2023,CAP,2218.850948453412
2024,CAP,3036.9975039803508
2025,CAP,6416.994551731111
2030,CAP,788.667975357298
2039,CAP,1610.3514737671403
2040,CAP,1767.0476155966328
2043,CAP,2748.8881736640988
2044,CAP,2815.0594714245162
2045,CAP,3334.4571469208404
2046,CAP,4375.669322837863
2047,CAP,4295.751575708404
2048,CAP,4263.473074261504
2027,CAP,1916.8175023119327
2021,CAP,1943.6717200000003
2049,CAP,4498.07517990437
2050,CAP,7233.644339830254
2026,CAP,258.1916496881754
2041,CAP,2317.041917760248
2042,CAP,1552.303949489317
2031,CAP,1915.2188316369952
2028,CAP,113.92861219518436
2029,CAP,279.68259774622686
2032,CAP,1058.9829778809471
2033,CAP,898.7154148392746
2034,CAP,1258.5892607444484
2035,CAP,1009.7623586299768
2036,CAP,1027.5546093835562
2037,CAP,1538.209328728702
2038,CAP,1584.482659968559
2021,FIX,508.01135800000026
2022,FIX,541.5357973182635
2023,FIX,576.7389035161257
2024,FIX,641.4972040079267
2025,FIX,807.2863193228177
2026,FIX,807.8767435066168
2027,FIX,852.4837888076149
2028,FIX,850.3482177835041
2029,FIX,850.5387549093749
2030,FIX,859.1208776949791
2031,FIX,888.2345163382687
2032,FIX,903.5656248004891
2033,FIX,916.1794171024453
2034,FIX,934.5952318720017
2035,FIX,949.6763206136645
2036,FIX,965.5296396968834
2037,FIX,989.7243499281651
2038,FIX,1014.6137448282291
2039,FIX,1040.4918775244628
2040,FIX,1069.9784706430682
2041,FIX,1110.2323111294531
2042,FIX,1136.050538966459
2043,FIX,1182.059471305527
2044,FIX,1229.5874900984174
2045,FIX,1283.8197796189227
2046,FIX,1241.5347424538068
2047,FIX,1315.3625932232771
2048,FIX,1388.5301988768094
2049,FIX,1472.3290675407702
2050,FIX,1603.4062545586448
