YEAR,CostType,VALUE
2022,CAP,2091.207574430213
2023,CAP,2216.9994645359993
2024,CAP,2040.3391044284751
2025,CAP,5432.945501027283
2030,CAP,695.1303546083261
2042,CAP,1961.0498515040151
2043,CAP,2896.9151996039204
2044,CAP,2588.9663053471254
2045,CAP,3194.329118241649
2046,CAP,3825.8702284030333
2047,CAP,4046.769890720552
2048,CAP,4014.0077919854753
2049,CAP,4314.322132954555
2021,CAP,1943.6717200000003
2050,CAP,6911.058041124795
2026,CAP,257.45656717304405
2036,CAP,1072.6558782076686
2037,CAP,1504.365644017241
2031,CAP,1849.9425278998986
2027,CAP,304.5892253215182
2028,CAP,114.19227232618285
2029,CAP,230.00558341058564
2040,CAP,1602.245908732843
2041,CAP,1919.6970154024227
2032,CAP,1014.7104052981051
2033,CAP,875.3750038660545
2034,CAP,1265.5111636991228
2035,CAP,1008.0776198641294
2038,CAP,1625.0284003453253
2039,CAP,1670.4545839718628
2021,FIX,508.01135800000026
2022,FIX,541.494107260045
2023,FIX,576.6601837795591
2024,FIX,615.3429732275514
2025,FIX,755.1506894928849
2026,FIX,755.8962312477294
2027,FIX,757.2016024388192
2028,FIX,755.3697773049128
2029,FIX,755.1213536959593
2030,FIX,762.4379350015975
2031,FIX,790.6345029453845
2032,FIX,805.4034879622761
2033,FIX,817.7674481638962
2034,FIX,836.4610514844626
2035,FIX,851.6716858308027
2036,FIX,868.2027346174057
2037,FIX,891.9598091159709
2038,FIX,917.7262737132103
2039,FIX,944.7749833752301
2040,FIX,972.3266035906302
2041,FIX,1005.7456782050407
2042,FIX,1038.9694817478708
2043,FIX,1087.558348998817
2044,FIX,1130.5311755225473
2045,FIX,1183.323862730958
2046,FIX,1132.3036291034666
2047,FIX,1201.6595078263792
2048,FIX,1271.0138909339437
2049,FIX,1346.9463229542916
2050,FIX,1470.0284040694662
