YEAR,CostType,VALUE
2029,CAP,3131.821983357978
2030,CAP,3372.518976589506
2031,CAP,3765.4704648852035
2032,CAP,3121.2217557339422
2033,CAP,1604.0462121369953
2034,CAP,1188.19923002619
2035,CAP,686.3890660785025
2036,CAP,1407.2341352995293
2037,CAP,1404.91055766545
2038,CAP,1672.7998649805554
2039,CAP,1728.883935015698
2040,CAP,1763.5594169766912
2041,CAP,2342.5134296593824
2042,CAP,2331.56644150558
2043,CAP,2354.2568817149195
2044,CAP,2311.615584577621
2045,CAP,2508.876478354482
2046,CAP,2512.1514367950776
2047,CAP,2580.6174373354356
2048,CAP,2693.2917951997038
2049,CAP,3008.51258795778
2050,CAP,3122.036969327234
2051,CAP,2908.8456211156736
2052,CAP,2108.340097336049
2053,CAP,2053.2598416433084
2054,CAP,2547.7006308699993
2055,CAP,3179.413692448804
2026,CAP,2851.328581018998
2025,CAP,9358.174327343479
2027,CAP,454.1404764530835
2021,CAP,1942.9663313632814
2023,CAP,407.2980575360636
2022,CAP,1720.9257560755877
2024,CAP,1048.593604791247
2028,CAP,163.93786819340988
2021,FIX,509.0391180272657
2022,FIX,537.4278995487775
2023,FIX,541.9566956994983
2024,FIX,557.7961977953239
2025,FIX,773.2431515789737
2026,FIX,834.2919760069751
2027,FIX,840.1715916630914
2028,FIX,838.7368751294507
2029,FIX,885.7927433959419
2030,FIX,931.8443376330367
2031,FIX,987.4689693766204
2032,FIX,1033.00166718738
2033,FIX,1054.9035135040147
2034,FIX,1070.265546827531
2035,FIX,1078.3056148736532
2036,FIX,1097.7457910118194
2037,FIX,1117.1413426058448
2038,FIX,1140.663189727526
2039,FIX,1164.7755681154006
2040,FIX,1189.667323802402
2041,FIX,1233.1080529261076
2042,FIX,1276.9828093397825
2043,FIX,1320.7345511408043
2044,FIX,1363.4377796745832
2045,FIX,1407.0672747824037
2046,FIX,1338.235754770079
2047,FIX,1386.4559750145127
2048,FIX,1438.55142050062
2049,FIX,1497.7022900990114
2050,FIX,1556.1497551699108
2051,FIX,1618.0798132613756
2052,FIX,1657.8534763403088
2053,FIX,1697.7674773446035
2054,FIX,1737.5489322846204
2055,FIX,1597.003086310471
