YEAR,CostType,VALUE
2022,CAP,2092.2521127926557
2023,CAP,2218.049368356498
2024,CAP,2398.58845069919
2025,CAP,5085.50353973487
2030,CAP,887.0455016690244
2042,CAP,1823.3731964865271
2043,CAP,2656.440916826298
2044,CAP,2824.0858910696106
2045,CAP,3686.5690741318804
2046,CAP,3923.8341011141656
2047,CAP,4030.7463406813818
2048,CAP,4196.412507981695
2021,CAP,1943.6717200000003
2041,CAP,2133.7654980943635
2049,CAP,4571.994475474319
2026,CAP,258.29124755322357
2050,CAP,6484.943681815342
2036,CAP,1378.9613802242875
2037,CAP,1561.3970082000305
2031,CAP,1998.5195366628436
2027,CAP,311.4104896745227
2028,CAP,153.3596289692566
2029,CAP,294.70794125993064
2040,CAP,2040.3207550683067
2032,CAP,1053.9217814066524
2033,CAP,1133.4513116207286
2034,CAP,1299.2527550789923
2035,CAP,1075.9419215983153
2038,CAP,2029.6882233203223
2039,CAP,1656.3807650566096
2021,FIX,508.01135800000026
2022,FIX,541.5149980272939
2023,FIX,576.702072623218
2024,FIX,624.7540473393082
2025,FIX,755.3260842378415
2026,FIX,756.0883177461957
2027,FIX,757.501861956921
2028,FIX,756.2685116486631
2029,FIX,757.0472146719732
2030,FIX,767.5717672101091
2031,FIX,798.197141640947
2032,FIX,813.5926689945941
2033,FIX,830.1786406570712
2034,FIX,849.8716805990331
2035,FIX,866.9927778112074
2036,FIX,888.5548087737042
2037,FIX,913.0889715169754
2038,FIX,945.4219983899975
2039,FIX,971.6329127758653
2040,FIX,1006.875700769861
2041,FIX,1043.259828637096
2042,FIX,1074.5921879944585
2043,FIX,1119.2711920025931
2044,FIX,1165.674717677191
2045,FIX,1224.9882869487594
2046,FIX,1175.2376638895278
2047,FIX,1244.7907816958143
2048,FIX,1318.7953260351806
2049,FIX,1405.0395099539903
2050,FIX,1521.0584611109548
