YEAR,CostType,VALUE
2030,CAP,3376.172904962852
2031,CAP,3756.036272682338
2032,CAP,3126.0622306788346
2033,CAP,1613.227969252993
2034,CAP,1188.0012501962597
2035,CAP,788.4390799992998
2036,CAP,1400.2747838511289
2037,CAP,1405.4617601397201
2038,CAP,1674.8198952285757
2039,CAP,1734.0759840682815
2040,CAP,1761.403044406183
2041,CAP,2339.1755428694196
2042,CAP,2330.192986553825
2043,CAP,2354.317563155212
2044,CAP,2309.547416647918
2045,CAP,2506.141246085697
2046,CAP,2564.9438594966946
2047,CAP,2570.199709352565
2048,CAP,2646.7331929597285
2049,CAP,3005.4578021169064
2050,CAP,3116.3036548846712
2051,CAP,2908.3297066287187
2052,CAP,2080.806306483719
2053,CAP,2041.4097527346355
2054,CAP,2499.896398453775
2055,CAP,3169.7782925563333
2026,CAP,2850.813905820626
2025,CAP,9346.485925443214
2027,CAP,413.70071721706006
2021,CAP,1942.9663313632814
2023,CAP,407.2980575360636
2022,CAP,1720.9257560755877
2024,CAP,1047.1904292714314
2029,CAP,3128.6338567602
2028,CAP,106.46491031188204
2021,FIX,509.0391180272657
2022,FIX,537.4278995487775
2023,FIX,541.9566956994983
2024,FIX,557.7681342849277
2025,FIX,773.02857110061
2026,FIX,834.0740837819367
2027,FIX,839.3568819006877
2028,FIX,836.9669330047299
2029,FIX,884.1775074064288
2030,FIX,930.3935587269763
2031,FIX,985.8449075458547
2032,FIX,1031.488517618278
2033,FIX,1053.5489523664214
2034,FIX,1068.920013918072
2035,FIX,1078.5547986556464
2036,FIX,1097.855751657741
2037,FIX,1117.262329858727
2038,FIX,1140.8245816264978
2039,FIX,1165.0408219626063
2040,FIX,1189.8894145346026
2041,FIX,1233.263365532896
2042,FIX,1277.110651809171
2043,FIX,1320.8636243762535
2044,FIX,1363.5254766589578
2045,FIX,1407.1002696121163
2046,FIX,1339.5577174434106
2047,FIX,1387.508574353411
2048,FIX,1438.4749908638182
2049,FIX,1497.5647650192147
2050,FIX,1556.0101288711544
2051,FIX,1617.9298662618723
2052,FIX,1657.6571547127232
2053,FIX,1697.3253484210659
2054,FIX,1737.0155536097116
2055,FIX,1596.276986731276
