YEAR,CostType,VALUE
2022,CAP,2091.207574430213
2023,CAP,2216.7326405529175
2024,CAP,1298.6083996188968
2025,CAP,6152.347588364878
2039,CAP,1882.676048229605
2042,CAP,1981.850878566515
2043,CAP,2785.035525255411
2044,CAP,2363.933366579738
2045,CAP,2818.426561303908
2046,CAP,3170.47791023851
2047,CAP,3540.2255013571157
2048,CAP,3621.468827946127
2049,CAP,3883.238910476186
2021,CAP,1943.6717200000003
2050,CAP,6461.697593820825
2026,CAP,255.94553218145293
2030,CAP,622.891381650167
2036,CAP,1160.9305883440763
2037,CAP,1485.9335673256464
2031,CAP,1560.8172135620948
2027,CAP,303.2801289401227
2028,CAP,113.0612238334126
2029,CAP,109.14962193989653
2032,CAP,893.604972807809
2033,CAP,914.4853586236037
2040,CAP,1472.5197441541113
2041,CAP,2003.9594863599775
2034,CAP,1035.5037856045597
2035,CAP,1072.2735872949042
2038,CAP,1386.4427572403283
2021,FIX,508.01135800000026
2022,FIX,541.494107260045
2023,FIX,576.6548472998975
2024,FIX,595.9367213135178
2025,FIX,754.8699749358988
2026,FIX,755.5852959909115
2027,FIX,756.8644924094756
2028,FIX,755.0100463057136
2029,FIX,752.9129225813615
2030,FIX,758.9327028448673
2031,FIX,782.3805710412163
2032,FIX,795.159643343993
2033,FIX,808.3088821012826
2034,FIX,823.2544101808045
2035,FIX,839.2851265253837
2036,FIX,857.4873596238248
2037,FIX,881.0023948342384
2038,FIX,902.8378472857505
2039,FIX,934.0677837124653
2040,FIX,958.8865667900016
2041,FIX,993.6426955703566
2042,FIX,1026.926263029126
2043,FIX,1073.9893631566165
2044,FIX,1113.316320164325
2045,FIX,1159.532590984738
2046,FIX,1097.7579180630498
2047,FIX,1156.623013649054
2048,FIX,1218.7678792440477
2049,FIX,1286.7437083430243
2050,FIX,1402.6987398552783
