YEAR,CostType,VALUE
2022,CAP,2091.207574430213
2023,CAP,2217.4255518698574
2024,CAP,1299.7111703356009
2025,CAP,4347.257492865582
2030,CAP,721.6376828778151
2042,CAP,1920.9659566405433
2043,CAP,2753.607335580894
2044,CAP,2614.1696015729176
2045,CAP,2669.347391358137
2046,CAP,3278.4838007308153
2047,CAP,3528.392042912988
2048,CAP,3631.8674098048227
2049,CAP,3857.084396206452
2021,CAP,1943.6717200000003
2050,CAP,6372.6626470018355
2026,CAP,258.083053887069
2036,CAP,1238.6961003863985
2037,CAP,1431.9736688241828
2031,CAP,1655.7017889070237
2041,CAP,1803.8305525315664
2027,CAP,332.8073881040366
2028,CAP,113.04897267601561
2029,CAP,260.4074663702548
2033,CAP,914.730527353918
2040,CAP,1712.8578020351579
2032,CAP,946.4199638525436
2034,CAP,1104.116717352349
2035,CAP,984.2044037538349
2038,CAP,1598.3695073050994
2039,CAP,1701.0196960266367
2021,FIX,508.01135800000026
2022,FIX,541.494107260045
2023,FIX,576.6687055262363
2024,FIX,595.9726349541907
2025,FIX,707.10897505499
2026,FIX,708.0237682204983
2027,FIX,709.9155685336215
2028,FIX,708.1910130125964
2029,FIX,708.5499381232164
2030,FIX,716.4034130463812
2031,FIX,741.6572253548732
2032,FIX,755.3758152733076
2033,FIX,768.5553740875816
2034,FIX,784.6634850392604
2035,FIX,799.4553223330302
2036,FIX,818.9178493145843
2037,FIX,841.5798106944559
2038,FIX,866.9660419660753
2039,FIX,894.9613565002081
2040,FIX,924.4389890096542
2041,FIX,955.6687054507815
2042,FIX,988.0167236846889
2043,FIX,1034.5923219621186
2044,FIX,1079.2378210706852
2045,FIX,1123.4762844596241
2046,FIX,1062.0106086972005
2047,FIX,1121.967726732456
2048,FIX,1184.5645853605074
2049,FIX,1250.929945441423
2050,FIX,1365.9929598561787
