YEAR,CostType,VALUE
2029,CAP,3322.082614547097
2030,CAP,3376.0120972853465
2031,CAP,3766.020262481686
2032,CAP,3120.564081826393
2033,CAP,1455.5385982878004
2034,CAP,1187.235855935778
2035,CAP,610.2406202397678
2036,CAP,1407.9852011992523
2037,CAP,1400.697153504662
2038,CAP,1676.0194002241699
2039,CAP,1734.0427524181068
2040,CAP,1764.0180999641761
2041,CAP,2339.540683311292
2042,CAP,2329.43498943298
2043,CAP,2351.1192475477915
2044,CAP,2310.1023378345935
2045,CAP,2508.113887262425
2046,CAP,2511.1896828611643
2047,CAP,2579.7444259809763
2048,CAP,2692.161014846498
2049,CAP,3005.2195987298355
2050,CAP,3164.6584216412675
2051,CAP,2913.8140129972817
2052,CAP,2108.8588247663156
2053,CAP,2062.0263623650626
2054,CAP,2615.083778998286
2055,CAP,4395.308492382946
2024,CAP,1049.0522721952373
2025,CAP,8992.175959713173
2021,CAP,1942.9663313632814
2023,CAP,408.47702589794415
2022,CAP,1720.9257560755877
2026,CAP,1173.1944495590044
2027,CAP,213.29686572121062
2028,CAP,143.7749493103383
2021,FIX,509.0391180272657
2022,FIX,537.4278995487775
2023,FIX,541.9802750667359
2024,FIX,557.8298811902382
2025,FIX,762.6258485480448
2026,FIX,778.8435505073604
2027,FIX,778.3223750604882
2028,FIX,776.6142050558942
2029,FIX,826.8609943071782
2030,FIX,873.0055897797372
2031,FIX,928.7107797655409
2032,FIX,974.3025837660757
2033,FIX,993.9680946658065
2034,FIX,1009.4007759314406
2035,FIX,1016.3370295561427
2036,FIX,1035.8914613224758
2037,FIX,1055.301952670389
2038,FIX,1078.987444908893
2039,FIX,1103.3022460556608
2040,FIX,1128.3023850763173
2041,FIX,1171.7828819987024
2042,FIX,1215.7142318554413
2043,FIX,1259.5123715729724
2044,FIX,1302.284562589215
2045,FIX,1345.9980335522484
2046,FIX,1277.2465062030294
2047,FIX,1325.5385324086046
2048,FIX,1377.7211706827768
2049,FIX,1436.9053952340416
2050,FIX,1495.4183539966928
2051,FIX,1557.379456261129
2052,FIX,1597.1529387857954
2053,FIX,1636.8185155452734
2054,FIX,1676.5058826422894
2055,FIX,1580.2497803106946
