YEAR,CostType,VALUE
2029,CAP,3308.0990519109573
2030,CAP,3375.6021056080363
2031,CAP,3765.41932012195
2032,CAP,3123.619600440039
2033,CAP,1407.0190275869134
2034,CAP,1188.2934980699467
2035,CAP,652.9109966083613
2036,CAP,1407.582764387857
2037,CAP,1398.885423803194
2038,CAP,1677.9435207975628
2039,CAP,1738.2907126549499
2040,CAP,1764.2349308039186
2041,CAP,2332.375257237024
2042,CAP,2322.7114875986713
2043,CAP,2351.7855058782634
2044,CAP,2303.355148251466
2045,CAP,2499.745921267385
2046,CAP,2508.161568869594
2047,CAP,2552.4440250636267
2048,CAP,2647.386479422884
2049,CAP,3013.525170607607
2050,CAP,3196.8674908365538
2051,CAP,2899.4172821234906
2052,CAP,2163.738242067168
2053,CAP,2083.5013987916
2054,CAP,2616.200626755194
2055,CAP,3759.666440994287
2024,CAP,1048.571488695504
2025,CAP,6809.139815767429
2021,CAP,1942.9663313632814
2023,CAP,407.55463387786233
2022,CAP,1720.9257560755877
2026,CAP,1172.9611567036873
2028,CAP,136.23203474879716
2027,CAP,212.42881081815779
2021,FIX,509.0391180272657
2022,FIX,537.4278995487775
2023,FIX,541.9618272263343
2024,FIX,557.8018176798421
2025,FIX,704.4675700193305
2026,FIX,720.8785460127756
2027,FIX,720.49360685685
2028,FIX,718.8447119547951
2029,FIX,769.0242477829775
2030,FIX,815.3370170028696
2031,FIX,871.1204845942142
2032,FIX,916.8638058358445
2033,FIX,935.8768469398145
2034,FIX,951.4271429511582
2035,FIX,959.1336639827509
2036,FIX,978.7714213836763
2037,FIX,998.2370881693682
2038,FIX,1022.0524477202423
2039,FIX,1046.5435767787167
2040,FIX,1071.639387501424
2041,FIX,1115.0679292242187
2042,FIX,1158.9561724970386
2043,FIX,1202.8681778264722
2044,FIX,1245.5967880658409
2045,FIX,1289.2342735145967
2046,FIX,1220.513559103946
2047,FIX,1268.2562046560727
2048,FIX,1319.4983022263527
2049,FIX,1378.9596102461398
2050,FIX,1437.869181379169
2051,FIX,1499.6106276137702
2052,FIX,1540.6828924600354
2053,FIX,1580.94721801706
2054,FIX,1620.7021885580073
2055,FIX,1563.1912413352159
