YEAR,CostType,VALUE
2029,CAP,3304.5078815121137
2030,CAP,3373.771450975889
2031,CAP,3765.4618826842448
2032,CAP,3121.5927255581355
2033,CAP,1496.6821101473126
2034,CAP,1187.4620527602854
2035,CAP,555.6149924700646
2036,CAP,1407.73629502745
2037,CAP,1402.228122031866
2038,CAP,1669.3228851800604
2039,CAP,1727.6223604363354
2040,CAP,1767.7650006562883
2041,CAP,2335.567490338071
2042,CAP,2326.9399075862266
2043,CAP,2349.7709554120534
2044,CAP,2308.9031358863513
2045,CAP,2502.6942810145492
2046,CAP,2510.8146081829927
2047,CAP,2576.2495287562656
2048,CAP,2677.1149493686717
2049,CAP,3013.583759553854
2050,CAP,3153.9522416321547
2051,CAP,2942.2463702205423
2052,CAP,2132.3706933862222
2053,CAP,2065.7334880740455
2054,CAP,2600.2204870276496
2055,CAP,4389.58395203861
2024,CAP,1049.1473151061427
2025,CAP,8952.4406675066
2021,CAP,1942.9663313632814
2023,CAP,407.77816699533554
2022,CAP,1720.9257560755877
2026,CAP,1209.605367907882
2027,CAP,258.7991667465739
2028,CAP,145.33150524816705
2021,FIX,509.0391180272657
2022,FIX,537.4278995487775
2023,FIX,541.9662978886837
2024,FIX,557.8178048704042
2025,FIX,761.9938513316815
2026,FIX,778.7968352203533
2027,FIX,778.9640515631204
2028,FIX,777.2385489577764
2029,FIX,827.2285920498401
2030,FIX,873.313091597319
2031,FIX,929.0045309363643
2032,FIX,974.6145569521179
2033,FIX,994.9196565936451
2034,FIX,1010.3497123385742
2035,FIX,1016.4395908870778
2036,FIX,1035.9890363995953
2037,FIX,1055.4301517261033
2038,FIX,1078.981666798809
2039,FIX,1103.1680185413848
2040,FIX,1128.2431376792615
2041,FIX,1171.6441689237352
2042,FIX,1215.52562105832
2043,FIX,1259.2967975929055
2044,FIX,1302.0450087798492
2045,FIX,1345.6500909718204
2046,FIX,1276.8910644918985
2047,FIX,1325.115270496694
2048,FIX,1376.9947803142823
2049,FIX,1436.3462890872147
2050,FIX,1495.061457245402
2051,FIX,1557.18270855172
2052,FIX,1596.8799144467723
2053,FIX,1636.5808269034972
2054,FIX,1676.302140887555
2055,FIX,1579.9315511884058
