YEAR,CostType,VALUE
2022,CAP,2091.207574430213
2023,CAP,2216.9979568655244
2024,CAP,2040.3406120989523
2025,CAP,5432.945501027279
2030,CAP,688.6230384331523
2039,CAP,1754.7215953885138
2042,CAP,1729.6157957967316
2043,CAP,2986.3913725681164
2044,CAP,2631.3442294156534
2045,CAP,3127.549067681439
2046,CAP,3691.322196656125
2047,CAP,4091.952488436553
2048,CAP,4087.7806489038157
2049,CAP,4535.288510967244
2021,CAP,1943.6717200000003
2050,CAP,7604.112451829302
2026,CAP,256.73325683639536
2036,CAP,1155.4090992774404
2037,CAP,1471.5298260985946
2031,CAP,1730.1140420668082
2027,CAP,304.09474153997684
2028,CAP,113.88836744791679
2029,CAP,188.17451342695867
2032,CAP,992.8799582788998
2040,CAP,1508.8818705824874
2041,CAP,1918.5691243138053
2033,CAP,878.1436221045501
2034,CAP,1187.0167185499656
2035,CAP,1016.0064423687558
2038,CAP,1493.8932032950086
2021,FIX,508.01135800000026
2022,FIX,541.494107260045
2023,FIX,576.6601536261496
2024,FIX,615.3429732275514
2025,FIX,755.1506894928849
2026,FIX,755.8817650409964
2027,FIX,757.1772465564555
2028,FIX,755.3393433249837
2029,FIX,754.439919790442
2030,FIX,761.622690326796
2031,FIX,787.8416204624581
2032,FIX,802.2545610206802
2033,FIX,814.7110495408137
2034,FIX,832.1044813050516
2035,FIX,847.3287802622714
2036,FIX,865.3625089540125
2037,FIX,888.612313406756
2038,FIX,912.2007566906043
2039,FIX,941.0722648841536
2040,FIX,966.6157301848402
2041,FIX,1000.0926724396306
2042,FIX,1029.3778823848872
2043,FIX,1079.6431454605056
2044,FIX,1123.294804922869
2045,FIX,1174.4946747999054
2046,FIX,1121.6352547147033
2047,FIX,1191.2620987711614
2048,FIX,1261.4994338161919
2049,FIX,1342.5919094735436
2050,FIX,1479.6936613477242
