YEAR,CostType,VALUE
2022,CAP,2092.867450176698
2023,CAP,2218.850948453412
2024,CAP,3037.3302736384558
2025,CAP,6417.339967628086
2030,CAP,690.3322767154596
2039,CAP,1705.5559997655116
2043,CAP,2601.61359493865
2044,CAP,2700.9933740484475
2045,CAP,3456.234657860725
2046,CAP,4192.43242830286
2047,CAP,4046.688403068896
2048,CAP,4104.057281821031
2027,CAP,1916.4461584994017
2021,CAP,1943.6717200000003
2049,CAP,4233.494104660154
2041,CAP,2251.236658415852
2050,CAP,7031.123704725538
2026,CAP,258.17754715805114
2042,CAP,1548.8484202154298
2031,CAP,1987.6447528682945
2028,CAP,114.06049984117891
2029,CAP,255.44200198372747
2040,CAP,1771.6360272180777
2032,CAP,1156.4645605304536
2033,CAP,1039.4442332997648
2034,CAP,1401.8705942837619
2035,CAP,977.5026541237162
2036,CAP,1278.203906891884
2037,CAP,1604.8013426883622
2038,CAP,1808.4041465693883
2021,FIX,508.01135800000026
2022,FIX,541.5273047810952
2023,FIX,576.7304109789574
2024,FIX,641.4953668639205
2025,FIX,807.2913904967509
2026,FIX,807.8815326299475
2027,FIX,852.481151054695
2028,FIX,850.3482177835041
2029,FIX,850.1790625446846
2030,FIX,857.1260776839309
2031,FIX,887.4445905385405
2032,FIX,904.3886711245443
2033,FIX,919.2974509892829
2034,FIX,940.0900514891457
2035,FIX,955.4441284465752
2036,FIX,975.297010972652
2037,FIX,1000.4461967303888
2038,FIX,1028.9640919236072
2039,FIX,1056.3131811582352
2040,FIX,1085.930185966915
2041,FIX,1124.9974483992112
2042,FIX,1150.7450406394257
2043,FIX,1194.357697603037
2044,FIX,1239.8283563431387
2045,FIX,1295.3497709532921
2046,FIX,1250.0784557237598
2047,FIX,1319.9078193840132
2048,FIX,1390.47990884218
2049,FIX,1469.3520762311182
2050,FIX,1596.228622774684
