YEAR,CostType,VALUE
2022,CAP,2091.207574430213
2023,CAP,2217.6613057814407
2024,CAP,2040.052057446456
2025,CAP,5433.081844888579
2030,CAP,695.8604164808302
2042,CAP,1951.175524330559
2043,CAP,2719.955130202471
2044,CAP,2565.0114251446876
2045,CAP,3183.0326141462456
2046,CAP,3661.120142234913
2047,CAP,3850.8596893753192
2048,CAP,3833.259536902158
2049,CAP,4262.660643352978
2021,CAP,1943.6717200000003
2050,CAP,7196.748173724448
2026,CAP,257.8401611139745
2036,CAP,1148.7401025304384
2037,CAP,1438.3204462636663
2031,CAP,1803.1568450576256
2027,CAP,304.23392729323297
2028,CAP,113.83379400074566
2029,CAP,225.0726924326798
2032,CAP,996.9549375103629
2040,CAP,1726.70283678796
2041,CAP,2176.166699240153
2033,CAP,886.2190374994075
2034,CAP,1197.044665537949
2035,CAP,999.9833637037125
2038,CAP,1593.9714540534542
2039,CAP,1754.85071070492
2021,FIX,508.01135800000026
2022,FIX,541.494107260045
2023,FIX,576.6734206044679
2024,FIX,615.3504691128198
2025,FIX,755.1609122553793
2026,FIX,755.9141258890425
2027,FIX,757.2123911195665
2028,FIX,755.3733964191513
2029,FIX,755.0413602967365
2030,FIX,762.3843336614711
2031,FIX,789.8050854673928
2032,FIX,804.2659994246089
2033,FIX,816.824473223133
2034,FIX,834.385159612974
2035,FIX,849.3711152865956
2036,FIX,867.2538560975386
2037,FIX,889.9323836313437
2038,FIX,915.1858327761055
2039,FIX,943.721465518542
2040,FIX,973.1670556004685
2041,FIX,1010.7190189209484
2042,FIX,1043.7288934276796
2043,FIX,1089.5259351027635
2044,FIX,1132.1086669050922
2045,FIX,1184.580610108905
2046,FIX,1130.7277072319166
2047,FIX,1196.3300944272326
2048,FIX,1262.447470552062
2049,FIX,1338.5745814139195
2050,FIX,1467.1057130854806
