YEAR,CostType,VALUE
2022,CAP,2091.207574430213
2023,CAP,2216.7326405529175
2024,CAP,1298.6083996188959
2025,CAP,4346.113897689212
2039,CAP,1625.1907290334084
2042,CAP,1874.7503747033732
2043,CAP,2819.9665201734797
2045,CAP,2624.5561586795034
2046,CAP,3026.0160581846794
2047,CAP,3457.8360913802226
2048,CAP,3736.725382127168
2049,CAP,3896.097618531093
2021,CAP,1943.6717200000003
2026,CAP,255.98517622318306
2030,CAP,548.4238229279042
2044,CAP,2596.52535972288
2036,CAP,1248.3215506762397
2037,CAP,1457.6875577905803
2031,CAP,1326.564229851304
2041,CAP,1740.9254017157486
2027,CAP,332.363627846848
2028,CAP,111.87533294612567
2029,CAP,109.2469892421132
2032,CAP,898.5999407425459
2033,CAP,874.5388893070515
2034,CAP,1065.06663403177
2040,CAP,1578.759355977219
2050,CAP,6428.13118104921
2035,CAP,1059.5265668222344
2038,CAP,1374.3483976006537
2021,FIX,508.01135800000026
2022,FIX,541.494107260045
2023,FIX,576.6548472998975
2024,FIX,595.9367213135178
2025,FIX,707.0501895107897
2026,FIX,707.9230179679182
2027,FIX,709.8059502309995
2028,FIX,708.0579219153768
2029,FIX,706.0925861500702
2030,FIX,711.1159417156946
2031,FIX,730.9755196046145
2032,FIX,743.9454960720975
2033,FIX,756.51548538084
2034,FIX,772.0492342075962
2035,FIX,788.0655095265771
2036,FIX,806.8221608888078
2037,FIX,830.0391497359062
2038,FIX,851.7633138320795
2039,FIX,878.8975539854988
2040,FIX,906.1000229888525
2041,FIX,936.2103255430908
2042,FIX,967.8451871096333
2043,FIX,1015.6683370274861
2044,FIX,1060.6565195112664
2045,FIX,1102.2349735022658
2046,FIX,1038.1973492101406
2047,FIX,1095.4061660339469
2048,FIX,1159.8707338175493
2049,FIX,1228.3330210293261
2050,FIX,1342.2533098311658
