YEAR,CostType,VALUE
2022,CAP,2091.207574430213
2023,CAP,2217.1923281630407
2024,CAP,1661.8292103262236
2025,CAP,5801.197955819989
2030,CAP,576.8332980277091
2039,CAP,1855.3042551690814
2042,CAP,1944.0626376776354
2043,CAP,2737.1091010907176
2044,CAP,2308.6302705266685
2045,CAP,2677.257865085518
2046,CAP,3044.076252024829
2047,CAP,3197.521913355533
2048,CAP,3524.7877577104864
2049,CAP,3773.296475227501
2021,CAP,1943.6717200000003
2026,CAP,257.21941264056215
2036,CAP,1269.449049495899
2037,CAP,1444.6455422270542
2050,CAP,6545.614184371984
2031,CAP,1701.797552931015
2027,CAP,303.6635295271033
2028,CAP,112.85161398384413
2029,CAP,157.1419492344658
2032,CAP,873.9803817246312
2033,CAP,939.0559593811922
2040,CAP,1440.8864614357658
2041,CAP,1941.8487586779884
2034,CAP,1058.2163921670774
2035,CAP,1036.9180811735303
2038,CAP,1345.2582886557234
2021,FIX,508.01135800000026
2022,FIX,541.494107260045
2023,FIX,576.6640410521
2024,FIX,605.4438160425971
2025,FIX,755.0368571296578
2026,FIX,755.7776600167067
2027,FIX,757.0645202241562
2028,FIX,755.205881923403
2029,FIX,753.8175036112248
2030,FIX,759.1426898409834
2031,FIX,784.9139814097631
2032,FIX,797.3249670800874
2033,FIX,810.8719158409167
2034,FIX,826.1579818830423
2035,FIX,841.6050593302343
2036,FIX,861.2962111374518
2037,FIX,884.1215599726537
2038,FIX,905.2894129751135
2039,FIX,936.0788816203296
2040,FIX,960.3577012245469
2041,FIX,994.1409655420216
2042,FIX,1026.8214517085194
2043,FIX,1073.1325700224936
2044,FIX,1112.0147096501466
2045,FIX,1155.6810172375917
2046,FIX,1091.59867935846
2047,FIX,1144.5267220941919
2048,FIX,1204.4740018768575
2049,FIX,1271.4616592049958
2050,FIX,1386.5909997955757
