YEAR,CostType,VALUE
2029,CAP,3246.905130765907
2030,CAP,3374.4439488174494
2031,CAP,3760.454436385983
2032,CAP,3123.0827461339504
2033,CAP,1584.439035008474
2034,CAP,1187.7476339414206
2035,CAP,637.2441727202569
2036,CAP,1403.3900328483965
2037,CAP,1399.7675471056925
2038,CAP,1678.7808948361333
2039,CAP,1735.6345477954533
2040,CAP,1763.3337064750579
2041,CAP,2339.1833549758912
2042,CAP,2327.195626264685
2043,CAP,2358.5566501481826
2044,CAP,2311.064756797642
2045,CAP,2500.502334578851
2046,CAP,2540.4723694911877
2047,CAP,2569.077908929929
2048,CAP,2550.4728533529947
2049,CAP,3002.301097964359
2050,CAP,3134.0774485254547
2051,CAP,2898.5442650492005
2052,CAP,2227.1550551073133
2053,CAP,2040.963878327953
2054,CAP,2565.4330582302814
2055,CAP,4358.886448205158
2024,CAP,1048.5714886955036
2025,CAP,8911.494367161298
2021,CAP,1942.9663313632814
2023,CAP,407.55463387786233
2022,CAP,1720.9257560755877
2026,CAP,1169.7930711966537
2027,CAP,233.5859401473907
2028,CAP,107.25680786287805
2021,FIX,509.0391180272657
2022,FIX,537.4278995487775
2023,FIX,541.9618272263343
2024,FIX,557.801817679842
2025,FIX,761.3193524419831
2026,FIX,777.5468175093198
2027,FIX,777.3609646252155
2028,FIX,775.1198207286042
2029,FIX,824.3077760696519
2030,FIX,870.5416169354255
2031,FIX,926.1558758578619
2032,FIX,971.8166275165036
2033,FIX,993.5032642150607
2034,FIX,1008.9493956576573
2035,FIX,1016.3157912973307
2036,FIX,1035.7783003840375
2037,FIX,1055.1702361382504
2038,FIX,1078.9109702087217
2039,FIX,1103.2576064585705
2040,FIX,1128.2440408190812
2041,FIX,1171.717395801024
2042,FIX,1215.603970471159
2043,FIX,1259.5509087605124
2044,FIX,1302.3423562834203
2045,FIX,1345.9035747341081
2046,FIX,1277.865075007366
2047,FIX,1325.9011419026556
2048,FIX,1374.6718768512508
2049,FIX,1433.83733270008
2050,FIX,1492.5760139997944
2051,FIX,1554.2999973035621
2052,FIX,1596.596219656751
2053,FIX,1636.2476220008411
2054,FIX,1675.9180920588403
2055,FIX,1578.9335383416199
