YEAR,CostType,VALUE
2029,CAP,3293.278374227274
2030,CAP,3376.373509051993
2031,CAP,3762.806035084393
2032,CAP,3123.3844304584663
2033,CAP,1409.5982263598366
2034,CAP,1187.7511011120073
2035,CAP,692.2256626318833
2036,CAP,1406.1452315314507
2037,CAP,1400.7397647845444
2038,CAP,1680.367911401057
2039,CAP,1735.6345477954549
2040,CAP,1759.6760936026967
2041,CAP,2336.294334737685
2042,CAP,2323.926025599955
2043,CAP,2355.9164397750155
2044,CAP,2308.535666120918
2045,CAP,2503.3091197706435
2046,CAP,2510.800110839856
2047,CAP,2569.521550002717
2048,CAP,2603.380778708926
2049,CAP,3005.916064361618
2050,CAP,3205.7070453189085
2051,CAP,2900.000457806954
2052,CAP,2178.273918050996
2053,CAP,2049.7452236712106
2054,CAP,2604.173716045944
2055,CAP,3750.9543787666707
2024,CAP,1048.5714886955034
2025,CAP,6833.070602268516
2021,CAP,1942.9663313632814
2023,CAP,407.55463387786233
2022,CAP,1720.9257560755877
2026,CAP,1169.793071196654
2028,CAP,116.47853871389711
2027,CAP,175.78754845932963
2021,FIX,509.0391180272657
2022,FIX,537.4278995487775
2023,FIX,541.9618272263343
2024,FIX,557.801817679842
2025,FIX,704.8487538246297
2026,FIX,721.1819535031497
2027,FIX,720.2315645513752
2028,FIX,718.2772081875593
2029,FIX,768.2482007716131
2030,FIX,814.6120233786047
2031,FIX,870.3492394065436
2032,FIX,916.0933406634355
2033,FIX,935.1486506556175
2034,FIX,950.6931699440875
2035,FIX,959.011574570868
2036,FIX,978.6205769260755
2037,FIX,998.1233335013088
2038,FIX,1021.9871887850186
2039,FIX,1046.4251945463031
2040,FIX,1071.4298198728166
2041,FIX,1114.9367432669278
2042,FIX,1158.8492751448343
2043,FIX,1202.843896731562
2044,FIX,1245.6761137925114
2045,FIX,1289.3848576122857
2046,FIX,1220.7169127455702
2047,FIX,1268.863368097619
2048,FIX,1318.985557435075
2049,FIX,1378.3090017350287
2050,FIX,1437.1772168401908
2051,FIX,1498.9303239991132
2052,FIX,1540.9076753285997
2053,FIX,1580.6352051314702
2054,FIX,1620.3704887491374
2055,FIX,1562.6852966025824
