YEAR,CostType,VALUE
2030,CAP,3375.1905223050726
2031,CAP,3755.5799237847777
2032,CAP,3125.5243291540287
2033,CAP,1612.9574063393256
2034,CAP,1187.765423822895
2035,CAP,788.1968152455829
2036,CAP,1400.587150541751
2037,CAP,1396.2006110560164
2038,CAP,1669.8192514643451
2039,CAP,1734.593660053832
2040,CAP,1765.040113257133
2041,CAP,2336.6270391945463
2042,CAP,2326.5937925303947
2043,CAP,2355.157272794379
2044,CAP,2306.058027479197
2045,CAP,2513.716678370289
2046,CAP,2563.3330564796333
2047,CAP,2568.332301723387
2048,CAP,2343.5818657430937
2049,CAP,3009.0525048722952
2050,CAP,3131.8844067991718
2051,CAP,2900.705023695795
2052,CAP,2363.1487852280493
2053,CAP,2046.629621429066
2054,CAP,2490.204479275656
2055,CAP,3140.0170187209487
2026,CAP,2850.9322556896677
2025,CAP,9356.574617337656
2027,CAP,429.36999207786465
2021,CAP,1942.9663313632814
2023,CAP,407.55463387786233
2022,CAP,1720.9257560755877
2024,CAP,1048.4228256217289
2029,CAP,3111.581501974496
2028,CAP,98.03230685749415
2021,FIX,509.0391180272657
2022,FIX,537.4278995487775
2023,FIX,541.9618272263343
2024,FIX,557.7979137387696
2025,FIX,773.2175482967477
2026,FIX,834.2591369863694
2027,FIX,839.7673769740694
2028,FIX,837.2309628792489
2029,FIX,884.1671754624191
2030,FIX,930.363582213912
2031,FIX,985.8058101676377
2032,FIX,1031.4386580138437
2033,FIX,1053.493681503714
2034,FIX,1068.860026527897
2035,FIX,1078.4899637995622
2036,FIX,1097.797168331191
2037,FIX,1117.0185260038688
2038,FIX,1140.4807664873676
2039,FIX,1164.7073603431868
2040,FIX,1189.6286921095991
2041,FIX,1232.951696659081
2042,FIX,1276.7270144929412
2043,FIX,1320.4968189430047
2044,FIX,1363.0889072403475
2045,FIX,1406.8742804971885
2046,FIX,1339.2949838200404
2047,FIX,1387.203864600392
2048,FIX,1430.9089466236283
2049,FIX,1490.1645145944099
2050,FIX,1548.9118542932758
2051,FIX,1610.679055359324
2052,FIX,1656.948458345808
2053,FIX,1696.8224992782243
2054,FIX,1736.5197605669734
2055,FIX,1595.18599032925
