YEAR,CostType,VALUE
2022,CAP,2091.207574430213
2023,CAP,2216.9540922751316
2024,CAP,2159.5064606261085
2025,CAP,6416.18349834965
2039,CAP,1774.6445101533411
2042,CAP,1409.6148202277998
2044,CAP,2720.2459307619847
2045,CAP,2876.2488311883485
2046,CAP,3811.2002033308886
2047,CAP,3498.365270242269
2048,CAP,3832.3544112454756
2049,CAP,4166.825352582542
2021,CAP,1943.6717200000003
2050,CAP,6307.190975077996
2026,CAP,255.87255735902778
2030,CAP,586.7551063511719
2040,CAP,1548.4252814172723
2031,CAP,1542.1210996874886
2027,CAP,303.97201038656493
2028,CAP,112.59713313329223
2029,CAP,109.68383591974182
2032,CAP,938.8756457196309
2041,CAP,1814.9280335435456
2043,CAP,2581.82451883487
2033,CAP,935.3354612479028
2034,CAP,1047.8684179709578
2035,CAP,1029.2630685230308
2036,CAP,1196.0057698258686
2037,CAP,1466.9053041066684
2038,CAP,1254.659490081659
2021,FIX,508.01135800000026
2022,FIX,541.494107260045
2023,FIX,576.6592763343417
2024,FIX,618.4604176420056
2025,FIX,784.3040049982336
2026,FIX,784.922275099864
2027,FIX,786.1242696645626
2028,FIX,784.169502264004
2029,FIX,781.9920233364547
2030,FIX,787.3224156532848
2031,FIX,810.4244818848331
2032,FIX,823.8904514028831
2033,FIX,837.3340210739574
2034,FIX,852.4223271948181
2035,FIX,867.6584841089808
2036,FIX,885.6370784714975
2037,FIX,908.8859894543556
2038,FIX,928.499154913937
2039,FIX,958.4587335541337
2040,FIX,983.8820280372346
2041,FIX,1015.5201302648368
2042,FIX,1039.2618041948492
2043,FIX,1082.7335029360047
2044,FIX,1128.769186954249
2045,FIX,1175.4450230033394
2046,FIX,1126.0382518259412
2047,FIX,1184.119885193341
2048,FIX,1249.2644539090036
2049,FIX,1322.0101559760558
2050,FIX,1435.180041319259
