YEAR,CostType,VALUE
2022,CAP,2091.207574430213
2023,CAP,2217.1923281630407
2024,CAP,1299.7111703356009
2025,CAP,6153.771145875827
2039,CAP,1643.4276572914655
2042,CAP,1855.468889926539
2043,CAP,2705.7386647424078
2044,CAP,2573.632915113213
2045,CAP,2590.1559821395135
2046,CAP,3194.562166327919
2047,CAP,3476.139187906585
2048,CAP,3778.707433177037
2049,CAP,4053.512759188111
2021,CAP,1943.6717200000003
2050,CAP,6626.186866860271
2026,CAP,256.8690354170031
2030,CAP,583.0331433414286
2036,CAP,1236.4524845440492
2037,CAP,1406.4894096921562
2031,CAP,1649.2029444433188
2027,CAP,302.20488080984927
2028,CAP,112.3532105804954
2029,CAP,132.86648831859787
2032,CAP,888.1535030978735
2033,CAP,921.7118542529012
2040,CAP,1569.949994268171
2041,CAP,1784.540877351509
2034,CAP,1043.438411557126
2035,CAP,1068.0234231607915
2038,CAP,1359.5137979188198
2021,FIX,508.01135800000026
2022,FIX,541.494107260045
2023,FIX,576.6640410521
2024,FIX,595.9679704800543
2025,FIX,754.9296952526544
2026,FIX,755.66349352748
2027,FIX,756.9211778283366
2028,FIX,755.0525714595162
2029,FIX,753.3096468335384
2030,FIX,758.7088426322554
2031,FIX,783.614682743431
2032,FIX,796.2861010977092
2033,FIX,809.5413488675191
2034,FIX,824.602883655886
2035,FIX,840.5700488151317
2036,FIX,859.0270692886245
2037,FIX,881.2946200223205
2038,FIX,902.7249579424068
2039,FIX,930.1848023922889
2040,FIX,956.4685487008772
2041,FIX,987.3852685039977
2042,FIX,1019.1786560166088
2043,FIX,1064.8977415948127
2044,FIX,1107.6175522579051
2045,FIX,1150.3467832609747
2046,FIX,1090.4661691014187
2047,FIX,1148.3333691999815
2048,FIX,1212.9656227650655
2049,FIX,1283.487362598948
2050,FIX,1402.3547070476516
