YEAR,CostType,VALUE
2030,CAP,3374.9918230405974
2031,CAP,3751.6955347333014
2032,CAP,3126.2212247497387
2033,CAP,1632.142678974067
2034,CAP,1186.7053722932885
2035,CAP,787.3033967931046
2036,CAP,1398.0848972097226
2037,CAP,1401.0733573181367
2038,CAP,1674.2788695185723
2039,CAP,1732.7517449254697
2040,CAP,1758.8244615210524
2041,CAP,2339.4846633488687
2042,CAP,2330.5814930083493
2043,CAP,2358.045329970598
2044,CAP,2309.8090758685657
2045,CAP,2523.0268243281157
2046,CAP,2561.802890494642
2047,CAP,2569.0021972742165
2048,CAP,2533.34380680847
2049,CAP,3004.7832431369743
2050,CAP,3122.218333079055
2051,CAP,2898.1550095617804
2052,CAP,2147.703805970881
2053,CAP,2032.928706346619
2054,CAP,2512.9356113883982
2055,CAP,3146.0329205846942
2026,CAP,2850.2340008498963
2025,CAP,9346.063720378985
2027,CAP,381.8504124277986
2021,CAP,1942.9663313632814
2023,CAP,407.2980575360636
2022,CAP,1720.9257560755877
2024,CAP,1047.1904292714314
2029,CAP,3148.879725460876
2028,CAP,95.77599068093262
2021,FIX,509.0391180272657
2022,FIX,537.4278995487775
2023,FIX,541.9566956994983
2024,FIX,557.7681342849277
2025,FIX,773.0219087806863
2026,FIX,834.0560866363193
2027,FIX,838.8590000348172
2028,FIX,836.3343565936242
2029,FIX,883.8746611987544
2030,FIX,930.0828581970349
2031,FIX,985.4500374552609
2032,FIX,1031.0992587466299
2033,FIX,1053.4495111626482
2034,FIX,1068.794652882131
2035,FIX,1078.4067214166382
2036,FIX,1097.663868126695
2037,FIX,1116.982667953204
2038,FIX,1140.5341031258956
2039,FIX,1164.7238586791475
2040,FIX,1189.520870393947
2041,FIX,1232.9010270710519
2042,FIX,1276.7561007183726
2043,FIX,1320.5836709691444
2044,FIX,1363.2507802001624
2045,FIX,1407.232373572635
2046,FIX,1339.6216903363982
2047,FIX,1387.5431779987955
2048,FIX,1435.7746669179294
2049,FIX,1494.8836485984223
2050,FIX,1553.4835561596487
2051,FIX,1615.1997506436035
2052,FIX,1657.0325756837728
2053,FIX,1696.6690183073033
2054,FIX,1736.3461055951182
2055,FIX,1595.1326332437513
