YEAR,CostType,VALUE
2022,CAP,2091.207574430213
2023,CAP,2217.241150558295
2024,CAP,2252.7733522894837
2025,CAP,6416.986187813401
2030,CAP,562.4387732458234
2039,CAP,1870.2922722045948
2040,CAP,1663.9488825546546
2042,CAP,1466.5242424481764
2043,CAP,2541.42056181057
2044,CAP,2721.281387887571
2045,CAP,2975.6009254002893
2046,CAP,3913.1217280990604
2047,CAP,3684.158562894656
2048,CAP,3864.021896552499
2049,CAP,4027.806532040479
2021,CAP,1943.6717200000003
2026,CAP,257.37215959146056
2050,CAP,6632.704766659422
2031,CAP,1737.4939025491592
2027,CAP,303.78722438240095
2028,CAP,113.40299827379847
2029,CAP,158.04422633286111
2041,CAP,2055.151380081647
2032,CAP,1017.2655082244438
2033,CAP,911.8335208456355
2034,CAP,1249.9051599122117
2035,CAP,1146.0209337704787
2036,CAP,1139.574554205942
2037,CAP,1590.137456438641
2038,CAP,1438.9967694950583
2021,FIX,508.01135800000026
2022,FIX,541.494107260045
2023,FIX,576.665017500005
2024,FIX,620.9086652891143
2025,FIX,786.760760791327
2026,FIX,787.401100012151
2027,FIX,788.5918460583736
2028,FIX,786.6456503173347
2029,FIX,785.1790481523844
2030,FIX,790.139199689303
2031,FIX,816.4618376047077
2032,FIX,831.2320495587306
2033,FIX,844.1867850210556
2034,FIX,862.5780048672201
2035,FIX,879.6026900763068
2036,FIX,897.4440715833516
2037,FIX,922.6174157682215
2038,FIX,945.1809803637171
2039,FIX,976.2712926418656
2040,FIX,1003.7205503689696
2041,FIX,1039.4450233851865
2042,FIX,1064.0175739601655
2043,FIX,1106.4372511546028
2044,FIX,1152.7422587071733
2045,FIX,1201.416701159994
2046,FIX,1151.7479161057922
2047,FIX,1214.2342869780148
2048,FIX,1280.3987918678981
2049,FIX,1350.3692154446844
2050,FIX,1468.8777730013046
