YEAR,CostType,VALUE
2022,CAP,2091.207574430213
2023,CAP,2216.952840977481
2024,CAP,1865.2179315643075
2025,CAP,5603.134994286629
2030,CAP,639.9578902533938
2039,CAP,1914.4770842093933
2042,CAP,1830.781200547067
2043,CAP,2888.630580293451
2044,CAP,2522.994865715689
2045,CAP,2923.6214967195256
2046,CAP,3389.3708191777305
2047,CAP,3503.22464860906
2048,CAP,3677.7016716574244
2049,CAP,3900.805882361605
2021,CAP,1943.6717200000003
2026,CAP,256.8476359285356
2036,CAP,1213.9993024528444
2037,CAP,1497.8261337206995
2050,CAP,6833.18453265615
2031,CAP,1684.4176641848674
2027,CAP,304.24274120458546
2028,CAP,113.34316552405214
2029,CAP,159.42629242093057
2040,CAP,1532.20955353186
2041,CAP,2043.07513984023
2032,CAP,973.8446470792923
2033,CAP,968.8834032697713
2034,CAP,1152.7035379435176
2035,CAP,1055.5863196637001
2038,CAP,1496.35000225752
2021,FIX,508.01135800000026
2022,FIX,541.494107260045
2023,FIX,576.6592513083888
2024,FIX,610.760452277164
2025,FIX,755.0915821853463
2026,FIX,755.8249453153005
2027,FIX,757.1233931405357
2028,FIX,755.2745858705865
2029,FIX,753.922934883393
2030,FIX,760.2702654129016
2031,FIX,785.743216447921
2032,FIX,799.8543428292787
2033,FIX,813.84938729226
2034,FIX,830.6549155135347
2035,FIX,846.5257904906231
2036,FIX,865.5418531343686
2037,FIX,889.1954306954001
2038,FIX,912.7966986473972
2039,FIX,944.6977184101428
2040,FIX,970.2354032669803
2041,FIX,1005.6429957249022
2042,FIX,1036.5487162898319
2043,FIX,1085.2626490301661
2044,FIX,1127.137038952867
2045,FIX,1174.8614108530196
2046,FIX,1116.4454423437228
2047,FIX,1175.7557521601273
2048,FIX,1238.7443217648122
2049,FIX,1307.285336533497
2050,FIX,1428.2727462138807
