YEAR,CostType,VALUE
2029,CAP,3169.4685032664406
2030,CAP,3375.917430648751
2031,CAP,3765.003685785408
2032,CAP,3121.4271522237013
2033,CAP,1537.6694940124526
2034,CAP,1187.0989451288497
2035,CAP,700.3009795345171
2036,CAP,1405.1957533296095
2037,CAP,1399.9915302195534
2038,CAP,1668.976887227061
2039,CAP,1727.1211866285853
2040,CAP,1762.9774787103522
2041,CAP,2336.1512698287133
2042,CAP,2327.7737335771512
2043,CAP,2350.175033340527
2044,CAP,2309.5792481375365
2045,CAP,2504.1643432577225
2046,CAP,2549.2950795075117
2047,CAP,2577.6147084473955
2048,CAP,2358.473556352925
2049,CAP,3011.791042294458
2050,CAP,3145.1546740684207
2051,CAP,2910.9393260164406
2053,CAP,2048.279629623309
2054,CAP,2563.3558302747215
2055,CAP,3145.6012443510667
2026,CAP,2849.865840452971
2025,CAP,9416.814617996928
2027,CAP,415.6576311719128
2021,CAP,1942.9663313632814
2023,CAP,407.55463387786233
2022,CAP,1720.9257560755877
2024,CAP,1048.4228256217289
2028,CAP,167.81770873972616
2052,CAP,2366.7681946506145
2021,FIX,509.0391180272657
2022,FIX,537.4278995487775
2023,FIX,541.9618272263343
2024,FIX,557.7979137387696
2025,FIX,774.1727395282893
2026,FIX,835.1561065254372
2027,FIX,840.4255911257213
2028,FIX,839.0350089594639
2029,FIX,886.6509119209417
2030,FIX,932.7319291948617
2031,FIX,988.3407108968364
2032,FIX,1033.8715954129048
2033,FIX,1054.7393921583312
2034,FIX,1070.0814710901034
2035,FIX,1078.3294174285584
2036,FIX,1097.7288262805728
2037,FIX,1117.0259991403493
2038,FIX,1140.4713755028583
2039,FIX,1164.5484833969658
2040,FIX,1189.4285730020092
2041,FIX,1232.7420597492899
2042,FIX,1276.5409707085917
2043,FIX,1320.2110832104718
2044,FIX,1362.8735941123996
2045,FIX,1406.4088548783566
2046,FIX,1338.4805350873432
2047,FIX,1386.627943392417
2048,FIX,1430.7002088127542
2049,FIX,1490.012365431432
2050,FIX,1548.4320962212228
2051,FIX,1610.404031173165
2052,FIX,1656.945141741506
2053,FIX,1696.6298352514955
2054,FIX,1736.3341679842486
2055,FIX,1595.1120801486775
