YEAR,CostType,VALUE
2022,CAP,2091.2084268009085
2023,CAP,2216.9979568655244
2024,CAP,3036.0700629165176
2025,CAP,6416.994551731109
2038,CAP,1314.990514361555
2039,CAP,1979.4719469306606
2043,CAP,2735.5287800135084
2044,CAP,2658.6890230991107
2045,CAP,2835.244732141672
2046,CAP,3594.405254449747
2047,CAP,3493.7248730498986
2048,CAP,3586.2506839715165
2049,CAP,3718.379913747598
2027,CAP,1915.529782929646
2021,CAP,1943.6717200000003
2050,CAP,5857.618479379085
2026,CAP,257.2611441984811
2030,CAP,637.1360739961027
2041,CAP,1797.0050911711414
2031,CAP,1563.7279029253223
2028,CAP,113.28321431162809
2029,CAP,110.9650344504465
2040,CAP,1636.404914798057
2042,CAP,1373.1907534971629
2032,CAP,940.7574217750703
2033,CAP,977.5340923128693
2034,CAP,1062.208341238812
2035,CAP,1114.5255014151528
2036,CAP,1245.8878605400741
2037,CAP,1443.6771258865062
2021,FIX,508.01135800000026
2022,FIX,541.4941243135793
2023,FIX,576.6601706796838
2024,FIX,641.3999223502082
2025,FIX,807.189037665099
2026,FIX,807.7608517391043
2027,FIX,852.3421426524565
2028,FIX,850.1936636706746
2029,FIX,847.8343755089493
2030,FIX,853.7577859901987
2031,FIX,877.0974272569059
2032,FIX,890.458873908152
2033,FIX,904.4684793699018
2034,FIX,919.6637803933278
2035,FIX,936.113548693435
2036,FIX,955.6527115289189
2037,FIX,978.3224680565475
2038,FIX,998.7986803340291
2039,FIX,1031.8998700568723
2040,FIX,1058.6795061911118
2041,FIX,1089.9717447074486
2042,FIX,1112.9142823764926
2043,FIX,1158.9169840310067
2044,FIX,1204.044047302637
2045,FIX,1249.583624437845
2046,FIX,1194.518279518087
2047,FIX,1252.4840414026244
2048,FIX,1313.6249238802238
2049,FIX,1379.3029253678367
2050,FIX,1483.1454402355087
