YEAR,CostType,VALUE
2022,CAP,2091.207574430213
2023,CAP,2216.9979568655244
2024,CAP,2159.343113509368
2025,CAP,6416.017805562152
2039,CAP,2005.8011787038715
2042,CAP,1362.353094910085
2043,CAP,2666.723613396277
2044,CAP,2743.6483867549687
2045,CAP,2940.484153015887
2046,CAP,3745.303417053116
2047,CAP,3449.3034627343445
2048,CAP,3624.877740581779
2049,CAP,3897.1563946144315
2021,CAP,1943.6717200000003
2026,CAP,257.12853405564204
2030,CAP,556.5939935985853
2040,CAP,1596.9127329786675
2031,CAP,1706.9016853206845
2027,CAP,303.67171838303517
2028,CAP,113.28321431162824
2029,CAP,132.36295497993285
2041,CAP,1895.322992861942
2050,CAP,6001.399004390095
2032,CAP,988.3948864806341
2033,CAP,948.0331146307675
2034,CAP,1127.8423954576347
2035,CAP,1095.5109868728139
2036,CAP,1145.391220293246
2037,CAP,1529.7028020461644
2038,CAP,1273.3616134825736
2021,FIX,508.01135800000026
2022,FIX,541.494107260045
2023,FIX,576.6601536261496
2024,FIX,618.4580279914783
2025,FIX,784.2983014919564
2026,FIX,784.9416911275191
2027,FIX,786.1376726970448
2028,FIX,784.1966269200531
2029,FIX,782.348015475123
2030,FIX,787.213703934057
2031,FIX,813.0410102744277
2032,FIX,827.3135881713202
2033,FIX,840.9178213217639
2034,FIX,857.2799809501031
2035,FIX,873.5318800025973
2036,FIX,891.5136359845944
2037,FIX,915.6960126057758
2038,FIX,935.595349885557
2039,FIX,969.0744610151124
2040,FIX,995.4095443435355
2041,FIX,1028.422446192673
2042,FIX,1051.318880247044
2043,FIX,1095.7588775662682
2044,FIX,1142.4483603122014
2045,FIX,1190.4494175838763
2046,FIX,1138.2003576444954
2047,FIX,1195.6600704166424
2048,FIX,1257.6097330126718
2049,FIX,1326.1996824107086
2050,FIX,1432.7333884283817
