YEAR:Period,CostType,VALUE
2020-2050,CAPINV,243077.1620271172
2020-2050,FIX,96282.72883989329
2020-2050,VAR,83408.04428128454
