YEAR:Period,CostType,VALUE
2020-2050,CAP,223866.34136667743
,CAP,71752.73449704648
2020-2050,FIX,64636.07150308685
,FIX,17138.970053759083
2020-2050,VAR,-44231.29557190996
,VAR,-23421.038289598397
