YEAR:Period,CostType,VALUE
2020-2050,CAP,222401.67983451468
,CAP,56524.35899270869
2020-2050,FIX,62246.08652800567
,FIX,14444.58791877813
2020-2050,VAR,-75342.08576615702
,VAR,-31196.349258063117
