YEAR:Period,CostType,VALUE
2020-2050,CAP,327619.5664106479
2020-2050,FIX,97095.46567139358
2020-2050,VAR,32064.13379542905
