YEAR:Period,CostType,VALUE
2020-2050,CAPINV,268920.88995720085
2020-2050,FIX,91462.46519465299
2020-2050,VAR,44575.56481245871
