YEAR:Period,CostType,VALUE
2020-2050,CAP,261355.06483427464
,CAP,74524.84759175287
2020-2050,FIX,63342.82496816
,FIX,15959.501875714845
2020-2050,VAR,-81332.8592941984
,VAR,-32006.111270122074
