YEAR:Period,CostType,VALUE
2020-2050,CAP,258711.46760597426
,CAP,75891.34528725741
2020-2050,FIX,61779.19279151677
,FIX,15695.790451743891
2020-2050,VAR,-73654.08401593438
,VAR,-32368.041681013743
