YEAR:Period,CostType,VALUE
2020-2050,CAP,270011.4958861502
,CAP,83807.19711684484
2020-2050,FIX,61828.71834163281
,FIX,16585.77135362628
2020-2050,VAR,-62790.07140565103
,VAR,-30197.17865812046
