YEAR:Period,CostType,VALUE
2020-2050,CAPINV,198569.847843148
2020-2050,FIX,77544.85053856064
2020-2050,VAR,57640.91899496042
