YEAR:Period,CostType,VALUE
2020-2050,CAP,162108.5216080695
,CAP,48104.41579693505
2020-2050,FIX,56142.93493904975
,FIX,13860.365714104995
2020-2050,VAR,-48812.91312014949
,VAR,-26682.31754056502
