YEAR:Period,CostType,VALUE
2020-2050,CAPINV,236498.19790021877
2020-2050,FIX,82430.16540114096
2020-2050,VAR,15017.875819667586
