YEAR:Period,CostType,VALUE
2020-2050,CAPINV,231062.60155191168
2020-2050,FIX,81128.02293936934
2020-2050,VAR,24285.699150412547
