YEAR:Period,CostType,VALUE
2020-2050,CAP,171378.9528240555
,CAP,47196.73783146749
2020-2050,FIX,52402.90622176613
,FIX,13020.261358881731
2020-2050,VAR,-45511.396839404006
,VAR,-27101.59300171801
