YEAR:Period,CostType,VALUE
2020-2050,CAPINV,243615.11677570912
2020-2050,FIX,81862.09423259494
2020-2050,VAR,14422.925191318815
