YEAR:Period,CostType,VALUE
2020-2050,CAP,179363.74822759975
,CAP,39655.30445030215
2020-2050,FIX,51985.66304532047
,FIX,11668.985552242437
2020-2050,VAR,-76806.35563852893
,VAR,-34280.35199808978
