YEAR:Period,CostType,VALUE
2020-2050,CAPINV,255607.72954100888
2020-2050,FIX,82654.30164058214
2020-2050,VAR,22561.12421721245
