YEAR:Period,CostType,VALUE
2020-2050,CAP,181891.01178583037
2020-2050,FIX,73497.1886729836
2020-2050,VAR,44126.000386586114
