YEAR:Period,CostType,VALUE
2020-2050,CAPINV,203316.90985159966
2020-2050,FIX,77939.9331343272
2020-2050,VAR,16159.241581968145
