YEAR:Period,CostType,VALUE
2020-2050,CAP,194709.92164055092
2020-2050,FIX,75668.63023027242
2020-2050,VAR,23070.243409490045
