YEAR:Period,CostType,VALUE
2020-2050,CAP,192600.91604188213
2020-2050,FIX,75290.22225882765
2020-2050,VAR,20289.951370059367
