YEAR:Period,CostType,VALUE
2020-2050,CAP,152493.47562382047
,CAP,42446.17348895785
2020-2050,FIX,53958.99229022811
,FIX,12598.935494939637
2020-2050,VAR,-68031.97955537091
,VAR,-33978.704104877
