YEAR:Period,CostType,VALUE
2020-2050,CAP,160566.2246340664
,CAP,46462.33386767088
2020-2050,FIX,52819.376870008826
,FIX,12983.561333358166
2020-2050,VAR,-58268.918246519184
,VAR,-31170.59243668456
