YEAR:Period,CostType,VALUE
2020-2050,CAP,151089.28903539127
,CAP,37768.21573868986
2020-2050,FIX,50957.9689472684
,FIX,11624.724564980184
2020-2050,VAR,-62930.615926400846
,VAR,-33265.00661523303
