YEAR:Period,CostType,VALUE
2020-2050,CAPINV,221302.2851474164
2020-2050,FIX,79191.2525679133
2020-2050,VAR,4256.837157670054
