YEAR:Period,CostType,VALUE
2020-2050,CAP,164880.71552803164
,CAP,36775.50750365981
2020-2050,FIX,50573.897084953576
,FIX,11401.85136403832
2020-2050,VAR,-78232.76872056517
,VAR,-36024.66472213578
