YEAR:Period,CostType,VALUE
2020-2050,CAPINV,226048.26224548658
2020-2050,FIX,78796.34615140961
2020-2050,VAR,12370.05253874403
