YEAR:Period,CostType,VALUE
2020-2050,CAP,181997.81911582872
2020-2050,FIX,73912.39682944282
2020-2050,VAR,13751.023415838126
