YEAR:Period,CostType,VALUE
2020-2050,CAPINV,185274.96182773236
2020-2050,FIX,74281.31329696845
2020-2050,VAR,20444.563570387098
