YEAR:Period,CostType,VALUE
2020-2050,CAP,178612.7117944183
2020-2050,FIX,73661.39610461233
2020-2050,VAR,11441.143583312905
