YEAR:Period,CostType,VALUE
2020-2050,CAP,172767.04986679534
2020-2050,FIX,71752.7885740439
2020-2050,VAR,22180.72134653876
