YEAR:Period,CostType,VALUE
2020-2050,CAP,143694.37612666638
,CAP,39451.60241485575
2020-2050,FIX,52212.00781624469
,FIX,12558.16349493293
2020-2050,VAR,-57846.09254223063
,VAR,-31821.36276595199
