YEAR:Period,CostType,VALUE
2020-2050,CAP,141398.49138889735
,CAP,37599.67990928676
2020-2050,FIX,50092.705487759646
,FIX,11740.27211337598
2020-2050,VAR,-49099.387811850094
,VAR,-31478.435792480224
