YEAR:Period,CostType,VALUE
2020-2050,CAP,146039.74924832894
,CAP,40025.0945902119
2020-2050,FIX,53681.83720861453
,FIX,12796.31669597289
2020-2050,VAR,-68559.09903676991
,VAR,-34066.85367218362
