YEAR:Period,CostType,VALUE
2020-2050,CAP,142904.54541333846
,CAP,39443.55404493262
2020-2050,FIX,51152.99364830643
,FIX,12569.087364820874
2020-2050,VAR,-45920.16226036622
,VAR,-28567.59189535284
