YEAR:Period,CostType,VALUE
2020-2050,CAP,153323.395187446
,CAP,38640.75028405778
2020-2050,FIX,54627.54603905877
,FIX,12813.032991586848
2020-2050,VAR,-80270.4192767952
,VAR,-35419.57745556984
