YEAR:Period,CostType,VALUE
2020-2050,CAP,189846.35638014716
2020-2050,FIX,73862.18653919482
2020-2050,VAR,9218.502445994727
