YEAR:Period,CostType,VALUE
2020-2050,CAP,179148.162384002
2020-2050,FIX,72649.90786233328
2020-2050,VAR,7707.055034377908
