YEAR:Period,CostType,VALUE
2020-2050,CAP,148651.59795894547
,CAP,39045.719967742574
2020-2050,FIX,51634.00129554281
,FIX,12322.185873762655
2020-2050,VAR,-61807.23867720984
,VAR,-33484.92678715133
