YEAR:Period,CostType,VALUE
2020-2050,CAP,143078.6959896586
,CAP,37636.473136890796
2020-2050,FIX,49604.89414062231
,FIX,11666.390958718941
2020-2050,VAR,-51295.51098234087
,VAR,-31739.240194864902
