YEAR:Period,CostType,VALUE
2020-2050,CAPINV,213154.47494151862
2020-2050,FIX,77194.97810343628
2020-2050,VAR,-133.0523881858314
