YEAR:Period,CostType,VALUE
2020-2050,CAP,205482.79054740627
2020-2050,FIX,72991.24511685762
2020-2050,VAR,24667.300159033683
