YEAR:Period,CostType,VALUE
2020-2050,CAPINV,225141.26975828523
2020-2050,FIX,89519.42144923119
2020-2050,VAR,67277.8355985006
