YEAR:Period,CostType,VALUE
2020-2050,CAPINV,224033.15556817633
2020-2050,FIX,88390.30985385568
2020-2050,VAR,58771.99413564315
