YEAR:Period,CostType,VALUE
2020-2050,CAP,204251.5280594841
,CAP,53703.98858187018
2020-2050,FIX,62441.29914923233
,FIX,13964.890640386944
2020-2050,VAR,-74248.06615476172
,VAR,-33098.271703635175
