YEAR:Period,CostType,VALUE
2020-2050,CAP,217795.21953326918
,CAP,73425.02670147503
2020-2050,FIX,67925.53959682991
,FIX,18086.65525769542
2020-2050,VAR,-64341.39890843387
,VAR,-26674.736549647394
