YEAR:Period,CostType,VALUE
2020-2050,CAPINV,271380.33805984247
2020-2050,FIX,90340.09816391482
2020-2050,VAR,10586.219464126745
