YEAR:Period,CostType,VALUE
2020-2050,CAP,233041.30910931996
,CAP,76991.32905334135
2020-2050,FIX,63275.09034728765
,FIX,16799.654247632556
2020-2050,VAR,-65531.0394962776
,VAR,-31370.67955365422
