YEAR:Period,CostType,VALUE
2020-2050,CAP,293043.06034515525
2020-2050,FIX,91365.02553845166
2020-2050,VAR,34166.536220399794
