YEAR:Period,CostType,VALUE
2020-2050,CAPINV,296469.87349130464
2020-2050,FIX,90985.27238900388
2020-2050,VAR,46993.5840191097
