YEAR:Period,CostType,VALUE
2020-2050,CAPINV,194144.0316488212
2020-2050,FIX,76277.08770845117
2020-2050,VAR,46130.904812033055
