YEAR:Period,CostType,VALUE
2020-2050,CAP,156537.58985079458
,CAP,46868.733238857785
2020-2050,FIX,56158.490458184424
,FIX,13659.782163563095
2020-2050,VAR,-63412.04829101082
,VAR,-30859.085830157965
