YEAR:Period,CostType,VALUE
2020-2050,CAP,145831.02411725165
,CAP,40942.796566739904
2020-2050,FIX,52983.55736988138
,FIX,12266.32021481076
2020-2050,VAR,-71008.1867468838
,VAR,-35570.75167340149
