YEAR:Period,CostType,VALUE
2020-2050,CAPINV,172722.25582875108
2020-2050,FIX,71739.07211996918
2020-2050,VAR,24179.866523522385
