YEAR:Period,CostType,VALUE
2020-2050,CAP,143096.2870038844
,CAP,36374.601925748095
2020-2050,FIX,50599.81234807824
,FIX,11351.044093786779
2020-2050,VAR,-63415.655135964735
,VAR,-34750.905473958635
