YEAR:Period,CostType,VALUE
2020-2050,CAP,145483.04983502493
,CAP,37034.566480804875
2020-2050,FIX,52060.34114600747
,FIX,11588.020501272482
2020-2050,VAR,-74284.97805824134
,VAR,-37006.5348314499
