YEAR:Period,CostType,VALUE
2020-2050,CAP,150262.03347189073
,CAP,39478.06886809625
2020-2050,FIX,54136.88454624429
,FIX,12426.047768715798
2020-2050,VAR,-80468.43115692642
,VAR,-35679.38374443015
