YEAR:Period,CostType,VALUE
2020-2050,CAP,146525.72980309487
,CAP,40729.524830492206
2020-2050,FIX,50070.12951938129
,FIX,12131.005104200027
2020-2050,VAR,-50062.28370904169
,VAR,-30523.0887531583
