YEAR:Period,CostType,VALUE
2020-2050,CAP,157744.60171681654
,CAP,35685.33302451967
2020-2050,FIX,49851.6795355707
,FIX,11158.17650297369
2020-2050,VAR,-80896.8501465155
,VAR,-37599.88735788987
