YEAR:Period,CostType,VALUE
2020-2050,CAP,204520.56653064745
2020-2050,FIX,73973.54058535733
2020-2050,VAR,14304.314750634518
