YEAR:Period,CostType,VALUE
2020-2050,CAP,160426.08168611798
,CAP,38932.037095209555
2020-2050,FIX,48891.09116520703
,FIX,11263.665896589377
2020-2050,VAR,-70051.50084826082
,VAR,-35430.82561544326
