YEAR:Period,CostType,VALUE
2020-2050,CAP,203220.14407933655
2020-2050,FIX,72677.2022392046
2020-2050,VAR,24648.37218260701
