YEAR:Period,CostType,VALUE
2020-2050,CAP,142537.07341776512
,CAP,33281.51293171993
2020-2050,FIX,52867.74162642948
,FIX,11608.047759482808
2020-2050,VAR,-84725.93820614317
,VAR,-38531.91487839278
