YEAR:Period,CostType,VALUE
2020-2050,CAP,154776.31247322034
2020-2050,FIX,67170.74345363895
2020-2050,VAR,36811.29643433711
