YEAR:Period,CostType,VALUE
2020-2050,CAP,156120.6154454097
2020-2050,FIX,67295.37297523071
2020-2050,VAR,39320.08353739501
