YEAR:Period,CostType,VALUE
2020-2050,CAP,135492.20982448736
,CAP,37079.157830597855
2020-2050,FIX,49671.20197264801
,FIX,11963.376152005136
2020-2050,VAR,-49939.87404365465
,VAR,-30936.402363061323
