YEAR:Period,CostType,VALUE
2020-2050,CAP,135482.34314821917
,CAP,32982.67882822493
2020-2050,FIX,48339.124695748375
,FIX,10869.32329191041
2020-2050,VAR,-55053.26792700539
,VAR,-34149.76138476034
