YEAR:Period,CostType,VALUE
2020-2050,CAP,146637.80172699902
,CAP,37025.721172824466
2020-2050,FIX,53724.44599744259
,FIX,12513.728343107792
2020-2050,VAR,-82851.17889625808
,VAR,-36708.06078803639
