YEAR:Period,CostType,VALUE
2020-2050,CAP,158825.52132220654
,CAP,34634.3031729819
2020-2050,FIX,52007.51205317166
,FIX,11658.953786037715
2020-2050,VAR,-89875.44953063612
,VAR,-38989.292293036495
