YEAR:Period,CostType,VALUE
2020-2050,CAP,195466.26351867817
,CAP,58159.12484969378
2020-2050,FIX,62272.98530936918
,FIX,14804.256890262486
2020-2050,VAR,-73858.94369901487
,VAR,-33121.56628140235
