YEAR:Period,CostType,VALUE
2020-2050,CAP,188210.2296431166
,CAP,58073.71560801074
2020-2050,FIX,57730.12713326585
,FIX,14061.505860521243
2020-2050,VAR,-44186.47608856118
,VAR,-28728.417371734784
