YEAR:Period,CostType,VALUE
2020-2050,CAP,186456.51823480215
,CAP,51651.29782373262
2020-2050,FIX,57378.68433952778
,FIX,12973.163825554557
2020-2050,VAR,-59637.708972835084
,VAR,-32987.00446847672
