YEAR:Period,CostType,VALUE
2020-2050,CAPINV,296428.68966791214
2020-2050,FIX,90924.0604280608
2020-2050,VAR,15792.745609923308
