YEAR:Period,CostType,VALUE
2020-2050,CAP,190671.18567233146
,CAP,58780.368086389084
2020-2050,FIX,59275.00042281965
,FIX,14309.864821804013
2020-2050,VAR,-55383.87864864437
,VAR,-31088.080517002592
