YEAR:Period,CostType,VALUE
2020-2050,CAP,219849.2211873976
,CAP,66703.51875686202
2020-2050,FIX,54865.685768721654
,FIX,13890.486845648935
2020-2050,VAR,-57757.73006247544
,VAR,-31643.511729919457
