YEAR:Period,CostType,VALUE
2020-2050,CAP,144682.91514955045
,CAP,43685.30228391069
2020-2050,FIX,52295.96063333771
,FIX,13149.544326236675
2020-2050,VAR,-44254.24764092561
,VAR,-26246.669414152704
