YEAR:Period,CostType,VALUE
2020-2050,CAP,150628.23278623342
,CAP,41090.89646589843
2020-2050,FIX,51474.12661872778
,FIX,12172.91645866388
2020-2050,VAR,-63644.84668965041
,VAR,-33598.288379737634
