YEAR:Period,CostType,VALUE
2020-2050,CAP,148028.96838844818
,CAP,38023.58222644173
2020-2050,FIX,50611.52496305826
,FIX,11475.964988656542
2020-2050,VAR,-66060.69501856907
,VAR,-34753.73415424714
