YEAR:Period,CostType,VALUE
2020-2050,CAP,176873.70956714902
,CAP,44713.39468180672
2020-2050,FIX,53062.42827485441
,FIX,12361.664501493487
2020-2050,VAR,-89026.89333987172
,VAR,-37371.427022862474
