YEAR:Period,CostType,VALUE
2020-2050,CAP,162096.10163823536
,CAP,36964.9900627945
2020-2050,FIX,50307.64890618389
,FIX,11148.841515668668
2020-2050,VAR,-82055.18443181601
,VAR,-37733.23450320642
