YEAR:Period,CostType,VALUE
2020-2050,CAPINV,209831.94682454987
2020-2050,FIX,74012.85188060958
2020-2050,VAR,24717.193582573145
