YEAR:Period,CostType,VALUE
2020-2050,CAP,138215.96006692943
,CAP,32655.34342096484
2020-2050,FIX,50502.669437677774
,FIX,10901.671640530898
2020-2050,VAR,-79079.79428892185
,VAR,-39098.35173152476
