YEAR:Period,CostType,VALUE
2020-2050,CAPINV,160153.16647053717
2020-2050,FIX,68695.98000972236
2020-2050,VAR,27751.676411854292
