YEAR:Period,CostType,VALUE
2020-2050,CAPINV,155106.98558017184
2020-2050,FIX,67251.75858680133
2020-2050,VAR,39407.45160880273
