YEAR:Period,CostType,VALUE
2020-2050,CAPINV,166606.4613112957
2020-2050,FIX,69198.46926772919
2020-2050,VAR,26296.53032597911
