YEAR:Period,CostType,VALUE
2020-2050,CAP,142694.03292673995
,CAP,39316.343949889546
2020-2050,FIX,54514.606425569866
,FIX,13097.678450203608
2020-2050,VAR,-78622.59347559209
,VAR,-33249.95035888332
