YEAR:Period,CostType,VALUE
2020-2050,CAP,146287.24601613157
,CAP,42777.628274359195
2020-2050,FIX,52665.30276226222
,FIX,12532.535986868872
2020-2050,VAR,-73541.58863652813
,VAR,-36255.57707682365
