YEAR:Period,CostType,VALUE
2020-2050,CAP,139720.2584363624
,CAP,40618.33138879924
2020-2050,FIX,53213.34054759341
,FIX,12839.738176311455
2020-2050,VAR,-70139.38388075598
,VAR,-33456.64279474577
