YEAR:Period,CostType,VALUE
2020-2050,CAP,143264.84475284317
,CAP,40186.25462270707
2020-2050,FIX,52325.706857739606
,FIX,12296.969055335236
2020-2050,VAR,-73996.82823670859
,VAR,-36510.11520970699
