YEAR:Period,CostType,VALUE
2020-2050,CAP,164106.15136937625
2020-2050,FIX,68999.19887400429
2020-2050,VAR,15101.44929068009
