YEAR:Period,CostType,VALUE
2020-2050,CAP,164092.93103551696
2020-2050,FIX,67818.32258736325
2020-2050,VAR,27472.74093089102
