YEAR:Period,CostType,VALUE
2020-2050,CAP,150878.2748925805
,CAP,34180.02989216052
2020-2050,FIX,49308.60971123149
,FIX,10938.108571898178
2020-2050,VAR,-83338.70078190482
,VAR,-39171.00848253762
