YEAR:Period,CostType,VALUE
2020-2050,CAP,158172.48958441688
,CAP,39749.77733427119
2020-2050,FIX,48910.280375675655
,FIX,11346.528037281309
2020-2050,VAR,-71701.28359563377
,VAR,-37002.91641937418
