YEAR:Period,CostType,VALUE
2020-2050,CAPINV,152031.55913151582
2020-2050,FIX,66602.82578065894
2020-2050,VAR,21146.740697100053
