YEAR:Period,CostType,VALUE
2020-2050,CAP,151856.40698798242
2020-2050,FIX,66443.67724651868
2020-2050,VAR,16285.090634853366
