YEAR:Period,CostType,VALUE
2020-2050,CAP,139589.09369302093
,CAP,35351.435222544904
2020-2050,FIX,52961.33738456391
,FIX,12215.49685501277
2020-2050,VAR,-84808.05079880834
,VAR,-37865.95777799269
