YEAR:Period,CostType,VALUE
2020-2050,CAP,137529.8177481174
,CAP,31983.447903950386
2020-2050,FIX,51838.57660987579
,FIX,11336.217237893308
2020-2050,VAR,-88490.28072625831
,VAR,-39912.666094890876
