YEAR:Period,CostType,VALUE
2020-2050,CAPINV,162557.99013956534
2020-2050,FIX,68438.74393024103
2020-2050,VAR,6082.398748447885
