YEAR:Period,CostType,VALUE
2020-2050,CAP,130191.04489373228
,CAP,34731.27793361408
2020-2050,FIX,48055.57126812782
,FIX,11119.151875110212
2020-2050,VAR,-55939.43400758484
,VAR,-34330.96124557226
