YEAR:Period,CostType,VALUE
2020-2050,CAP,137064.8347805565
,CAP,35336.60745320491
2020-2050,FIX,53208.274136230684
,FIX,12358.290746184308
2020-2050,VAR,-82933.87089472442
,VAR,-36866.125584006404
