YEAR:Period,CostType,VALUE
2020-2050,CAPINV,181380.46589320994
2020-2050,FIX,71061.90793638819
2020-2050,VAR,-4207.215526011498
