YEAR:Period,CostType,VALUE
2020-2050,CAP,181334.98428789357
2020-2050,FIX,69909.93002257319
2020-2050,VAR,2921.2555229744858
