YEAR:Period,CostType,VALUE
2020-2050,CAP,145528.85677737047
,CAP,31554.448772465577
2020-2050,FIX,49177.927859306496
,FIX,10837.269814075882
2020-2050,VAR,-84928.55738921283
,VAR,-40726.41249023569
