YEAR:Period,CostType,VALUE
2020-2050,CAPINV,180839.54565823034
2020-2050,FIX,68134.7356497514
2020-2050,VAR,20069.602663298756
