YEAR:Period,CostType,VALUE
2020-2050,CAPINV,193442.91086330777
2020-2050,FIX,83712.43930243327
2020-2050,VAR,46817.43176652886
