YEAR:Period,CostType,VALUE
2020-2050,CAP,188889.50858448184
2020-2050,FIX,81715.34631479846
2020-2050,VAR,49827.26116718684
