YEAR:Period,CostType,VALUE
2020-2050,CAP,179146.18578787585
,CAP,61041.00809590717
2020-2050,FIX,60995.11912790085
,FIX,15318.272373339994
2020-2050,VAR,-65135.80292627944
,VAR,-32055.958878376638
