YEAR:Period,CostType,VALUE
2020-2050,CAP,179163.49845856798
,CAP,56141.68304635584
2020-2050,FIX,58403.206811352284
,FIX,13923.670658639352
2020-2050,VAR,-70162.3581672667
,VAR,-35330.72918858532
