YEAR:Period,CostType,VALUE
2020-2050,CAPINV,223082.69339779997
2020-2050,FIX,82078.4388424712
2020-2050,VAR,35212.13892572321
