YEAR:Period,CostType,VALUE
2020-2050,CAP,201068.59218520994
2020-2050,FIX,79936.68789226218
2020-2050,VAR,46685.22023770054
