YEAR:Period,CostType,VALUE
2020-2050,CAP,174715.44165838414
,CAP,48868.09443790004
2020-2050,FIX,54822.93738075918
,FIX,12475.653130265206
2020-2050,VAR,-64971.01611385378
,VAR,-34973.69900770796
