YEAR:Period,CostType,VALUE
2020-2050,CAPINV,214572.98494100338
2020-2050,FIX,79655.6334455618
2020-2050,VAR,35357.41774546807
