YEAR:Period,CostType,VALUE
2020-2050,CAPINV,226255.83112162107
2020-2050,FIX,80666.55874074393
2020-2050,VAR,35722.37459162493
