YEAR:Period,CostType,VALUE
2020-2050,CAPINV,249383.39049080337
2020-2050,FIX,82677.90409158569
2020-2050,VAR,1820.8469120030531
