YEAR:Period,CostType,VALUE
2020-2050,CAP,201248.69921542125
,CAP,54956.661979994286
2020-2050,FIX,56421.24984140378
,FIX,13210.736159674267
2020-2050,VAR,-90117.9181068898
,VAR,-37761.17767908655
