YEAR:Period,CostType,VALUE
2020-2050,CAP,178396.38278348476
,CAP,57769.0462992773
2020-2050,FIX,65275.89417839825
,FIX,18699.969848614957
2020-2050,VAR,-69718.76554883353
,VAR,-27402.26482047552
