YEAR:Period,CostType,VALUE
2020-2050,CAP,173537.7395241185
,CAP,58376.951126494925
2020-2050,FIX,62325.05298007865
,FIX,18205.462774878422
2020-2050,VAR,-51195.68084563547
,VAR,-25387.72954465888
