YEAR:Period,CostType,VALUE
2020-2050,CAPINV,161214.82304368258
2020-2050,FIX,69445.40099731443
2020-2050,VAR,29189.312726121534
