YEAR:Period,CostType,VALUE
2020-2050,CAP,136671.03326020137
,CAP,41660.387248781095
2020-2050,FIX,50768.38178806752
,FIX,12670.021811834496
2020-2050,VAR,-48363.70208354859
,VAR,-28320.531796403066
