YEAR:Period,CostType,VALUE
2020-2050,CAP,136294.26121229594
,CAP,39116.1452614326
2020-2050,FIX,49530.74214224097
,FIX,11737.0679641918
2020-2050,VAR,-52294.64087244567
,VAR,-32131.494737946112
