YEAR:Period,CostType,VALUE
2020-2050,CAP,136308.70724978216
,CAP,35832.43393971227
2020-2050,FIX,48584.65910862688
,FIX,10921.310567403783
2020-2050,VAR,-55807.184700738464
,VAR,-33991.38968419474
