YEAR:Period,CostType,VALUE
2020-2050,CAP,141515.27845109702
,CAP,42879.136228558535
2020-2050,FIX,53748.7651202034
,FIX,13156.699262047146
2020-2050,VAR,-70163.76693529337
,VAR,-32903.44186728969
