YEAR:Period,CostType,VALUE
2020-2050,CAP,167019.25282596654
2020-2050,FIX,69883.2094270997
2020-2050,VAR,26525.28212707669
