YEAR:Period,CostType,VALUE
2020-2050,CAP,136308.70724978216
,CAP,35832.433939712275
2020-2050,FIX,48584.65910862688
,FIX,10921.310567403783
2020-2050,VAR,-55807.18470073846
,VAR,-33991.38968419476
