YEAR:Period,CostType,VALUE
2020-2050,CAP,146019.03079416094
,CAP,39085.56851655859
2020-2050,FIX,53557.0292982644
,FIX,12308.71091082677
2020-2050,VAR,-83970.78668701943
,VAR,-37249.80422781313
