YEAR:Period,CostType,VALUE
2020-2050,CAP,143446.36427235394
,CAP,40421.878917355374
2020-2050,FIX,52024.94172741831
,FIX,12050.499456765474
2020-2050,VAR,-76234.16690153295
,VAR,-37512.28197330548
