YEAR:Period,CostType,VALUE
2020-2050,CAP,138540.0215903026
,CAP,42439.48139141196
2020-2050,FIX,51796.77852717632
,FIX,12548.090973797933
2020-2050,VAR,-60585.96248215277
,VAR,-32481.111615334736
