YEAR:Period,CostType,VALUE
2020-2050,CAP,142245.5247448338
,CAP,41311.649608280044
2020-2050,FIX,49487.62482550769
,FIX,11958.645944632637
2020-2050,VAR,-53034.825108376266
,VAR,-32164.110902027744
