YEAR:Period,CostType,VALUE
2020-2050,CAP,140964.60506105397
,CAP,37217.77845897214
2020-2050,FIX,51584.57692035527
,FIX,11405.522179089325
2020-2050,VAR,-77556.13067781048
,VAR,-38567.5239217116
