YEAR:Period,CostType,VALUE
2020-2050,CAP,150989.57861964236
,CAP,34908.65925426176
2020-2050,FIX,47949.277399545936
,FIX,10629.562229667008
2020-2050,VAR,-73930.88064959216
,VAR,-37269.93946440496
