YEAR:Period,CostType,VALUE
2020-2050,CAP,205688.27762839507
2020-2050,FIX,72232.35359839554
2020-2050,VAR,21512.51206207702
