YEAR:Period,CostType,VALUE
2020-2050,CAPINV,162401.6031599372
2020-2050,FIX,69632.36899853763
2020-2050,VAR,10888.463367299732
