YEAR:Period,CostType,VALUE
2020-2050,CAPINV,156405.11332948474
2020-2050,FIX,67475.5135772681
2020-2050,VAR,9472.666175864817
