YEAR:Period,CostType,VALUE
2020-2050,CAP,130891.62875075387
,CAP,37869.42884693823
2020-2050,FIX,50683.47752473054
,FIX,12190.47458527817
2020-2050,VAR,-62965.281163292966
,VAR,-33057.59412848044
