YEAR:Period,CostType,VALUE
2020-2050,CAPINV,145881.63764045175
2020-2050,FIX,64857.585921755264
2020-2050,VAR,26856.983734036323
