YEAR:Period,CostType,VALUE
2020-2050,CAP,131955.0937264628
,CAP,33375.91129761815
2020-2050,FIX,48572.72895338244
,FIX,10776.568384851755
2020-2050,VAR,-70932.7644712353
,VAR,-37934.40211023334
