YEAR:Period,CostType,VALUE
2020-2050,CAPINV,153314.8874298031
2020-2050,FIX,67468.61745481381
2020-2050,VAR,1287.0566529467308
