YEAR:Period,CostType,VALUE
2020-2050,CAP,124404.12596077823
,CAP,30525.12026781659
2020-2050,FIX,46549.91619460874
,FIX,10327.205334494194
2020-2050,VAR,-61174.44179084412
,VAR,-36886.53841656594
