YEAR:Period,CostType,VALUE
2020-2050,CAP,131651.1778500988
,CAP,33170.75859955044
2020-2050,FIX,51722.75383994206
,FIX,11555.721103306678
2020-2050,VAR,-88379.084742917
,VAR,-40131.07173712985
