YEAR:Period,CostType,VALUE
2020-2050,CAPINV,142709.10452137774
2020-2050,FIX,63247.51061114798
2020-2050,VAR,25938.947469568964
