YEAR:Period,CostType,VALUE
2020-2050,CAPINV,145677.94717994123
2020-2050,FIX,63568.02316480586
2020-2050,VAR,23800.008699393667
