YEAR:Period,CostType,VALUE
2020-2050,CAP,142469.20087829808
,CAP,33123.96302639648
2020-2050,FIX,48910.683907008606
,FIX,10832.669913733418
2020-2050,VAR,-86986.86269186372
,VAR,-42058.14703875327
