YEAR:Period,CostType,VALUE
2020-2050,CAPINV,164681.95910423214
2020-2050,FIX,65020.31622181964
2020-2050,VAR,15360.731576984115
